Id,RouteId,ImageName,Distress_Class,BoundingBox,File_Path
5,17,2022_12_20_15_51_39_803862_RIM.jpg,Patching,"[558.0, -2.0, 257.0, 131.0]",Y:/LCMS_Data_21-12-22/B_Gachibowli_To_lingampalli\2022_12_20_entry__To__exit_Lane1_LHS//Processed_RIM//2022_12_20_15_51_39_803862_RIM.jpg
6,17,2022_12_20_15_51_39_803862_RIM.jpg,Patching,"[401.0, 0.0, 108.0, 130.0]",Y:/LCMS_Data_21-12-22/B_Gachibowli_To_lingampalli\2022_12_20_entry__To__exit_Lane1_LHS//Processed_RIM//2022_12_20_15_51_39_803862_RIM.jpg
9,18,2022_11_10_18_39_26_965643_RIM.jpg,Pothole,"[868.0, -2.0, 221.0, 70.0]",Y:/LCMS_Data_21-12-22/Filtered_for_labeling/cracks_1_data\2022_11_10_isb__To__inner_Lane1_LHS//Processed_RIM//2022_11_10_18_39_26_965643_RIM.jpg
11,18,2022_11_10_18_40_32_799495_RIM.jpg,"Alligator Cracking","[10.0, 1.0, 219.0, 59.0]",Y:/LCMS_Data_21-12-22/Filtered_for_labeling/cracks_1_data\2022_11_10_isb__To__inner_Lane1_LHS//Processed_RIM//2022_11_10_18_40_32_799495_RIM.jpg
12,18,2022_11_10_18_40_36_739951_RIM.jpg,"Alligator Cracking","[11.0, 2.0, 1544.0, 126.0]",Y:/LCMS_Data_21-12-22/Filtered_for_labeling/cracks_1_data\2022_11_10_isb__To__inner_Lane1_LHS//Processed_RIM//2022_11_10_18_40_36_739951_RIM.jpg
13,18,2022_11_10_18_40_40_945698_RIM.jpg,"Alligator Cracking","[887.0, 10.0, 670.0, 113.0]",Y:/LCMS_Data_21-12-22/Filtered_for_labeling/cracks_1_data\2022_11_10_isb__To__inner_Lane1_LHS//Processed_RIM//2022_11_10_18_40_40_945698_RIM.jpg
14,18,2022_11_10_18_40_44_838283_RIM.jpg,"Alligator Cracking","[12.0, 5.0, 823.0, 124.0]",Y:/LCMS_Data_21-12-22/Filtered_for_labeling/cracks_1_data\2022_11_10_isb__To__inner_Lane1_LHS//Processed_RIM//2022_11_10_18_40_44_838283_RIM.jpg
15,18,2022_11_10_18_40_44_838283_RIM.jpg,Pothole,"[1322.0, 50.0, 161.0, 83.0]",Y:/LCMS_Data_21-12-22/Filtered_for_labeling/cracks_1_data\2022_11_10_isb__To__inner_Lane1_LHS//Processed_RIM//2022_11_10_18_40_44_838283_RIM.jpg
16,18,2022_11_10_18_40_48_415711_RIM.jpg,"Alligator Cracking","[6.0, 2.0, 1554.0, 125.0]",Y:/LCMS_Data_21-12-22/Filtered_for_labeling/cracks_1_data\2022_11_10_isb__To__inner_Lane1_LHS//Processed_RIM//2022_11_10_18_40_48_415711_RIM.jpg
17,18,2022_11_10_18_40_51_879443_RIM.jpg,"Alligator Cracking","[399.0, 3.0, 1158.0, 130.0]",Y:/LCMS_Data_21-12-22/Filtered_for_labeling/cracks_1_data\2022_11_10_isb__To__inner_Lane1_LHS//Processed_RIM//2022_11_10_18_40_51_879443_RIM.jpg
18,18,2022_11_10_18_41_15_413475_RIM.jpg,"Alligator Cracking","[12.0, -2.0, 343.0, 135.0]",Y:/LCMS_Data_21-12-22/Filtered_for_labeling/cracks_1_data\2022_11_10_isb__To__inner_Lane1_LHS//Processed_RIM//2022_11_10_18_41_15_413475_RIM.jpg
19,18,2022_11_10_18_41_20_826990_RIM.jpg,"Alligator Cracking","[505.0, 69.0, 390.0, 60.0]",Y:/LCMS_Data_21-12-22/Filtered_for_labeling/cracks_1_data\2022_11_10_isb__To__inner_Lane1_LHS//Processed_RIM//2022_11_10_18_41_20_826990_RIM.jpg
22,18,2022_11_10_18_41_49_043493_RIM.jpg,"Alligator Cracking","[634.0, 13.0, 926.0, 80.0]",Y:/LCMS_Data_21-12-22/Filtered_for_labeling/cracks_1_data\2022_11_10_isb__To__inner_Lane1_LHS//Processed_RIM//2022_11_10_18_41_49_043493_RIM.jpg
25,18,2022_11_10_18_42_02_706934_RIM.jpg,"Alligator Cracking","[3.0, 2.0, 1042.0, 58.0]",Y:/LCMS_Data_21-12-22/Filtered_for_labeling/cracks_1_data\2022_11_10_isb__To__inner_Lane1_LHS//Processed_RIM//2022_11_10_18_42_02_706934_RIM.jpg
26,18,2022_11_10_18_42_04_802327_RIM.jpg,"Alligator Cracking","[548.0, 4.0, 1013.0, 63.0]",Y:/LCMS_Data_21-12-22/Filtered_for_labeling/cracks_1_data\2022_11_10_isb__To__inner_Lane1_LHS//Processed_RIM//2022_11_10_18_42_04_802327_RIM.jpg
27,18,2022_11_10_18_42_07_008425_RIM.jpg,"Alligator Cracking","[-1.0, 3.0, 938.0, 89.0]",Y:/LCMS_Data_21-12-22/Filtered_for_labeling/cracks_1_data\2022_11_10_isb__To__inner_Lane1_LHS//Processed_RIM//2022_11_10_18_42_07_008425_RIM.jpg
28,18,2022_11_10_18_42_09_383071_RIM.jpg,"Alligator Cracking","[819.0, 8.0, 744.0, 122.0]",Y:/LCMS_Data_21-12-22/Filtered_for_labeling/cracks_1_data\2022_11_10_isb__To__inner_Lane1_LHS//Processed_RIM//2022_11_10_18_42_09_383071_RIM.jpg
32,18,2022_11_10_18_42_28_434097_RIM.jpg,"Alligator Cracking","[138.0, 0.0, 565.0, 71.0]",Y:/LCMS_Data_21-12-22/Filtered_for_labeling/cracks_1_data\2022_11_10_isb__To__inner_Lane1_LHS//Processed_RIM//2022_11_10_18_42_28_434097_RIM.jpg
34,18,2022_11_10_18_42_58_933492_RIM.jpg,"Alligator Cracking","[0.0, 69.0, 323.0, 50.0]",Y:/LCMS_Data_21-12-22/Filtered_for_labeling/cracks_1_data\2022_11_10_isb__To__inner_Lane1_LHS//Processed_RIM//2022_11_10_18_42_58_933492_RIM.jpg
42,18,2022_11_10_18_43_17_243501_RIM.jpg,"Alligator Cracking","[859.0, 93.0, 174.0, 38.0]",Y:/LCMS_Data_21-12-22/Filtered_for_labeling/cracks_1_data\2022_11_10_isb__To__inner_Lane1_LHS//Processed_RIM//2022_11_10_18_43_17_243501_RIM.jpg
44,18,2022_11_10_18_43_29_866725_RIM.jpg,"Alligator Cracking","[-2.0, 27.0, 638.0, 67.0]",Y:/LCMS_Data_21-12-22/Filtered_for_labeling/cracks_1_data\2022_11_10_isb__To__inner_Lane1_LHS//Processed_RIM//2022_11_10_18_43_29_866725_RIM.jpg
45,18,2022_11_10_18_43_29_866725_RIM.jpg,"Alligator Cracking","[760.0, 37.0, 305.0, 64.0]",Y:/LCMS_Data_21-12-22/Filtered_for_labeling/cracks_1_data\2022_11_10_isb__To__inner_Lane1_LHS//Processed_RIM//2022_11_10_18_43_29_866725_RIM.jpg
46,18,2022_11_10_18_43_29_866725_RIM.jpg,"Data Loss","[673.0, -2.0, 887.0, 16.0]",Y:/LCMS_Data_21-12-22/Filtered_for_labeling/cracks_1_data\2022_11_10_isb__To__inner_Lane1_LHS//Processed_RIM//2022_11_10_18_43_29_866725_RIM.jpg
47,18,2022_11_10_18_43_27_365418_RIM.jpg,"Data Loss","[-2.0, -2.0, 233.0, 18.0]",Y:/LCMS_Data_21-12-22/Filtered_for_labeling/cracks_1_data\2022_11_10_isb__To__inner_Lane1_LHS//Processed_RIM//2022_11_10_18_43_27_365418_RIM.jpg
48,18,2022_11_10_18_43_32_421889_RIM.jpg,"Alligator Cracking","[1127.0, 31.0, 423.0, 96.0]",Y:/LCMS_Data_21-12-22/Filtered_for_labeling/cracks_1_data\2022_11_10_isb__To__inner_Lane1_LHS//Processed_RIM//2022_11_10_18_43_32_421889_RIM.jpg
49,18,2022_11_10_18_43_35_015948_RIM.jpg,"Transverse Cracks","[283.0, -2.0, 150.0, 132.0]",Y:/LCMS_Data_21-12-22/Filtered_for_labeling/cracks_1_data\2022_11_10_isb__To__inner_Lane1_LHS//Processed_RIM//2022_11_10_18_43_35_015948_RIM.jpg
50,18,2022_11_10_18_43_43_155170_RIM.jpg,"Alligator Cracking","[662.0, 2.0, 279.0, 129.0]",Y:/LCMS_Data_21-12-22/Filtered_for_labeling/cracks_1_data\2022_11_10_isb__To__inner_Lane1_LHS//Processed_RIM//2022_11_10_18_43_43_155170_RIM.jpg
51,18,2022_11_10_18_43_53_309999_RIM.jpg,"Alligator Cracking","[409.0, -1.0, 279.0, 81.0]",Y:/LCMS_Data_21-12-22/Filtered_for_labeling/cracks_1_data\2022_11_10_isb__To__inner_Lane1_LHS//Processed_RIM//2022_11_10_18_43_53_309999_RIM.jpg
52,18,2022_11_10_18_43_53_309999_RIM.jpg,"Alligator Cracking","[805.0, 0.0, 107.0, 98.0]",Y:/LCMS_Data_21-12-22/Filtered_for_labeling/cracks_1_data\2022_11_10_isb__To__inner_Lane1_LHS//Processed_RIM//2022_11_10_18_43_53_309999_RIM.jpg
53,18,2022_11_10_18_43_56_762761_RIM.jpg,Pothole,"[685.0, -2.0, 252.0, 64.0]",Y:/LCMS_Data_21-12-22/Filtered_for_labeling/cracks_1_data\2022_11_10_isb__To__inner_Lane1_LHS//Processed_RIM//2022_11_10_18_43_56_762761_RIM.jpg
54,18,2022_11_10_18_43_56_762761_RIM.jpg,Pothole,"[1212.0, -2.0, 123.0, 57.0]",Y:/LCMS_Data_21-12-22/Filtered_for_labeling/cracks_1_data\2022_11_10_isb__To__inner_Lane1_LHS//Processed_RIM//2022_11_10_18_43_56_762761_RIM.jpg
55,18,2022_11_10_18_44_02_622084_RIM.jpg,"Longitudinal Cracks","[-2.0, 30.0, 293.0, 63.0]",Y:/LCMS_Data_21-12-22/Filtered_for_labeling/cracks_1_data\2022_11_10_isb__To__inner_Lane1_LHS//Processed_RIM//2022_11_10_18_44_02_622084_RIM.jpg
56,18,2022_11_10_18_44_05_737747_RIM.jpg,"Longitudinal Cracks","[852.0, 35.0, 711.0, 50.0]",Y:/LCMS_Data_21-12-22/Filtered_for_labeling/cracks_1_data\2022_11_10_isb__To__inner_Lane1_LHS//Processed_RIM//2022_11_10_18_44_05_737747_RIM.jpg
57,18,2022_11_10_18_44_05_737747_RIM.jpg,"Longitudinal Cracks","[-2.0, 58.0, 316.0, 39.0]",Y:/LCMS_Data_21-12-22/Filtered_for_labeling/cracks_1_data\2022_11_10_isb__To__inner_Lane1_LHS//Processed_RIM//2022_11_10_18_44_05_737747_RIM.jpg
58,18,2022_11_10_18_44_09_114712_RIM.jpg,"Longitudinal Cracks","[-2.0, 32.0, 296.0, 67.0]",Y:/LCMS_Data_21-12-22/Filtered_for_labeling/cracks_1_data\2022_11_10_isb__To__inner_Lane1_LHS//Processed_RIM//2022_11_10_18_44_09_114712_RIM.jpg
59,18,2022_11_10_18_44_09_114712_RIM.jpg,"Alligator Cracking","[334.0, 2.0, 774.0, 97.0]",Y:/LCMS_Data_21-12-22/Filtered_for_labeling/cracks_1_data\2022_11_10_isb__To__inner_Lane1_LHS//Processed_RIM//2022_11_10_18_44_09_114712_RIM.jpg
60,18,2022_11_10_18_44_09_114712_RIM.jpg,"Alligator Cracking","[1210.0, 20.0, 353.0, 67.0]",Y:/LCMS_Data_21-12-22/Filtered_for_labeling/cracks_1_data\2022_11_10_isb__To__inner_Lane1_LHS//Processed_RIM//2022_11_10_18_44_09_114712_RIM.jpg
61,18,2022_11_10_18_44_12_619335_RIM.jpg,"Longitudinal Cracks","[84.0, 38.0, 1479.0, 51.0]",Y:/LCMS_Data_21-12-22/Filtered_for_labeling/cracks_1_data\2022_11_10_isb__To__inner_Lane1_LHS//Processed_RIM//2022_11_10_18_44_12_619335_RIM.jpg
62,18,2022_11_10_18_44_15_515585_RIM.jpg,"Alligator Cracking","[896.0, 39.0, 474.0, 94.0]",Y:/LCMS_Data_21-12-22/Filtered_for_labeling/cracks_1_data\2022_11_10_isb__To__inner_Lane1_LHS//Processed_RIM//2022_11_10_18_44_15_515585_RIM.jpg
63,18,2022_11_10_18_44_15_515585_RIM.jpg,"Alligator Cracking","[342.0, 35.0, 436.0, 71.0]",Y:/LCMS_Data_21-12-22/Filtered_for_labeling/cracks_1_data\2022_11_10_isb__To__inner_Lane1_LHS//Processed_RIM//2022_11_10_18_44_15_515585_RIM.jpg
64,18,2022_11_10_18_40_02_501561_RIM.jpg,"Alligator Cracking","[499.0, 1.0, 445.0, 99.0]",Y:/LCMS_Data_21-12-22/Filtered_for_labeling/cracks_1_data\2022_11_10_isb__To__inner_Lane1_LHS//Processed_RIM//2022_11_10_18_40_02_501561_RIM.jpg
65,18,2022_11_10_18_40_29_242013_RIM.jpg,ravelling,"[5.0, 8.0, 643.0, 114.0]",Y:/LCMS_Data_21-12-22/Filtered_for_labeling/cracks_1_data\2022_11_10_isb__To__inner_Lane1_LHS//Processed_RIM//2022_11_10_18_40_29_242013_RIM.jpg
66,18,2022_11_10_18_40_29_242013_RIM.jpg,ravelling,"[1153.0, -2.0, 406.0, 133.0]",Y:/LCMS_Data_21-12-22/Filtered_for_labeling/cracks_1_data\2022_11_10_isb__To__inner_Lane1_LHS//Processed_RIM//2022_11_10_18_40_29_242013_RIM.jpg
67,18,2022_11_10_18_41_18_120232_RIM.jpg,"Alligator Cracking","[1355.0, -2.0, 203.0, 131.0]",Y:/LCMS_Data_21-12-22/Filtered_for_labeling/cracks_1_data\2022_11_10_isb__To__inner_Lane1_LHS//Processed_RIM//2022_11_10_18_41_18_120232_RIM.jpg
68,18,2022_11_10_18_41_54_089990_RIM.jpg,"Longitudinal Cracks","[1054.0, 29.0, 497.0, 47.0]",Y:/LCMS_Data_21-12-22/Filtered_for_labeling/cracks_1_data\2022_11_10_isb__To__inner_Lane1_LHS//Processed_RIM//2022_11_10_18_41_54_089990_RIM.jpg
69,18,2022_11_10_18_41_56_381858_RIM.jpg,"Alligator Cracking","[336.0, 14.0, 736.0, 62.0]",Y:/LCMS_Data_21-12-22/Filtered_for_labeling/cracks_1_data\2022_11_10_isb__To__inner_Lane1_LHS//Processed_RIM//2022_11_10_18_41_56_381858_RIM.jpg
70,18,2022_11_10_18_42_19_255656_RIM.jpg,"Alligator Cracking","[224.0, 20.0, 357.0, 80.0]",Y:/LCMS_Data_21-12-22/Filtered_for_labeling/cracks_1_data\2022_11_10_isb__To__inner_Lane1_LHS//Processed_RIM//2022_11_10_18_42_19_255656_RIM.jpg
71,18,2022_11_10_18_42_19_255656_RIM.jpg,"Alligator Cracking","[884.0, 26.0, 410.0, 92.0]",Y:/LCMS_Data_21-12-22/Filtered_for_labeling/cracks_1_data\2022_11_10_isb__To__inner_Lane1_LHS//Processed_RIM//2022_11_10_18_42_19_255656_RIM.jpg
72,18,2022_11_10_18_42_23_981012_RIM.jpg,"Alligator Cracking","[431.0, 15.0, 352.0, 48.0]",Y:/LCMS_Data_21-12-22/Filtered_for_labeling/cracks_1_data\2022_11_10_isb__To__inner_Lane1_LHS//Processed_RIM//2022_11_10_18_42_23_981012_RIM.jpg
73,18,2022_11_10_18_42_52_544586_RIM.jpg,"Longitudinal Cracks","[365.0, 49.0, 663.0, 40.0]",Y:/LCMS_Data_21-12-22/Filtered_for_labeling/cracks_1_data\2022_11_10_isb__To__inner_Lane1_LHS//Processed_RIM//2022_11_10_18_42_52_544586_RIM.jpg
74,18,2022_11_10_18_42_58_933492_RIM.jpg,"Data Loss","[219.0, -2.0, 634.0, 19.0]",Y:/LCMS_Data_21-12-22/Filtered_for_labeling/cracks_1_data\2022_11_10_isb__To__inner_Lane1_LHS//Processed_RIM//2022_11_10_18_42_58_933492_RIM.jpg
75,18,2022_11_10_18_43_01_122634_RIM.jpg,"Longitudinal Cracks","[41.0, 68.0, 733.0, 45.0]",Y:/LCMS_Data_21-12-22/Filtered_for_labeling/cracks_1_data\2022_11_10_isb__To__inner_Lane1_LHS//Processed_RIM//2022_11_10_18_43_01_122634_RIM.jpg
76,18,2022_11_10_18_43_01_122634_RIM.jpg,"Data Loss","[477.0, -2.0, 486.0, 12.0]",Y:/LCMS_Data_21-12-22/Filtered_for_labeling/cracks_1_data\2022_11_10_isb__To__inner_Lane1_LHS//Processed_RIM//2022_11_10_18_43_01_122634_RIM.jpg
77,18,2022_11_10_18_43_03_359649_RIM.jpg,"Data Loss","[74.0, -2.0, 746.0, 19.0]",Y:/LCMS_Data_21-12-22/Filtered_for_labeling/cracks_1_data\2022_11_10_isb__To__inner_Lane1_LHS//Processed_RIM//2022_11_10_18_43_03_359649_RIM.jpg
78,18,2022_11_10_18_43_03_359649_RIM.jpg,"Longitudinal Cracks","[-1.0, 75.0, 176.0, 41.0]",Y:/LCMS_Data_21-12-22/Filtered_for_labeling/cracks_1_data\2022_11_10_isb__To__inner_Lane1_LHS//Processed_RIM//2022_11_10_18_43_03_359649_RIM.jpg
80,18,2022_11_10_18_43_05_649522_RIM.jpg,"Data Loss","[-2.0, -2.0, 1565.0, 18.0]",Y:/LCMS_Data_21-12-22/Filtered_for_labeling/cracks_1_data\2022_11_10_isb__To__inner_Lane1_LHS//Processed_RIM//2022_11_10_18_43_05_649522_RIM.jpg
81,18,2022_11_10_18_43_07_930419_RIM.jpg,"Data Loss","[1139.0, -2.0, 424.0, 16.0]",Y:/LCMS_Data_21-12-22/Filtered_for_labeling/cracks_1_data\2022_11_10_isb__To__inner_Lane1_LHS//Processed_RIM//2022_11_10_18_43_07_930419_RIM.jpg
82,18,2022_11_10_18_43_10_192367_RIM.jpg,"Longitudinal Cracks","[176.0, 69.0, 737.0, 55.0]",Y:/LCMS_Data_21-12-22/Filtered_for_labeling/cracks_1_data\2022_11_10_isb__To__inner_Lane1_LHS//Processed_RIM//2022_11_10_18_43_10_192367_RIM.jpg
83,18,2022_11_10_18_43_10_192367_RIM.jpg,"Longitudinal Cracks","[1146.0, 78.0, 417.0, 53.0]",Y:/LCMS_Data_21-12-22/Filtered_for_labeling/cracks_1_data\2022_11_10_isb__To__inner_Lane1_LHS//Processed_RIM//2022_11_10_18_43_10_192367_RIM.jpg
84,18,2022_11_10_18_43_12_472267_RIM.jpg,"Alligator Cracking","[279.0, 35.0, 516.0, 72.0]",Y:/LCMS_Data_21-12-22/Filtered_for_labeling/cracks_1_data\2022_11_10_isb__To__inner_Lane1_LHS//Processed_RIM//2022_11_10_18_43_12_472267_RIM.jpg
85,18,2022_11_10_18_43_27_365418_RIM.jpg,"Alligator Cracking","[517.0, 15.0, 460.0, 118.0]",Y:/LCMS_Data_21-12-22/Filtered_for_labeling/cracks_1_data\2022_11_10_isb__To__inner_Lane1_LHS//Processed_RIM//2022_11_10_18_43_27_365418_RIM.jpg
86,18,2022_11_10_18_43_53_309999_RIM.jpg,"Longitudinal Cracks","[88.0, 46.0, 275.0, 52.0]",Y:/LCMS_Data_21-12-22/Filtered_for_labeling/cracks_1_data\2022_11_10_isb__To__inner_Lane1_LHS//Processed_RIM//2022_11_10_18_43_53_309999_RIM.jpg
87,18,2022_11_10_18_44_24_707990_RIM.jpg,"Longitudinal Cracks","[0.0, 43.0, 949.0, 58.0]",Y:/LCMS_Data_21-12-22/Filtered_for_labeling/cracks_1_data\2022_11_10_isb__To__inner_Lane1_LHS//Processed_RIM//2022_11_10_18_44_24_707990_RIM.jpg
89,18,2022_11_10_18_44_27_969264_RIM.jpg,"Longitudinal Cracks","[151.0, 56.0, 365.0, 38.0]",Y:/LCMS_Data_21-12-22/Filtered_for_labeling/cracks_1_data\2022_11_10_isb__To__inner_Lane1_LHS//Processed_RIM//2022_11_10_18_44_27_969264_RIM.jpg
90,18,2022_11_10_18_44_27_969264_RIM.jpg,"Alligator Cracking","[1149.0, 31.0, 403.0, 75.0]",Y:/LCMS_Data_21-12-22/Filtered_for_labeling/cracks_1_data\2022_11_10_isb__To__inner_Lane1_LHS//Processed_RIM//2022_11_10_18_44_27_969264_RIM.jpg
91,18,2022_11_10_18_44_27_969264_RIM.jpg,"Longitudinal Cracks","[892.0, 49.0, 237.0, 52.0]",Y:/LCMS_Data_21-12-22/Filtered_for_labeling/cracks_1_data\2022_11_10_isb__To__inner_Lane1_LHS//Processed_RIM//2022_11_10_18_44_27_969264_RIM.jpg
92,18,2022_11_10_18_44_31_030074_RIM.jpg,"Longitudinal Cracks","[635.0, 39.0, 801.0, 56.0]",Y:/LCMS_Data_21-12-22/Filtered_for_labeling/cracks_1_data\2022_11_10_isb__To__inner_Lane1_LHS//Processed_RIM//2022_11_10_18_44_31_030074_RIM.jpg
93,18,2022_11_10_18_44_33_669013_RIM.jpg,"Alligator Cracking","[706.0, 21.0, 601.0, 54.0]",Y:/LCMS_Data_21-12-22/Filtered_for_labeling/cracks_1_data\2022_11_10_isb__To__inner_Lane1_LHS//Processed_RIM//2022_11_10_18_44_33_669013_RIM.jpg
94,18,2022_11_10_18_44_47_486044_RIM.jpg,"Data Loss","[310.0, -2.0, 807.0, 15.0]",Y:/LCMS_Data_21-12-22/Filtered_for_labeling/cracks_1_data\2022_11_10_isb__To__inner_Lane1_LHS//Processed_RIM//2022_11_10_18_44_47_486044_RIM.jpg
95,18,2022_11_10_18_44_40_657315_RIM.jpg,"Data Loss","[50.0, -2.0, 1379.0, 9.0]",Y:/LCMS_Data_21-12-22/Filtered_for_labeling/cracks_1_data\2022_11_10_isb__To__inner_Lane1_LHS//Processed_RIM//2022_11_10_18_44_40_657315_RIM.jpg
96,19,2022_11_10_18_46_08_929357_RIM.jpg,Pothole,"[931.0, -2.0, 386.0, 135.0]",Y:/LCMS_Data_21-12-22/Filtered_for_labeling/cracks_2_data\2022_11_10_isb__To__inner1_Lane1_LHS//Processed_RIM//2022_11_10_18_46_08_929357_RIM.jpg
99,19,2022_11_10_18_46_16_073242_RIM.jpg,"Alligator Cracking","[-2.0, 16.0, 607.0, 64.0]",Y:/LCMS_Data_21-12-22/Filtered_for_labeling/cracks_2_data\2022_11_10_isb__To__inner1_Lane1_LHS//Processed_RIM//2022_11_10_18_46_16_073242_RIM.jpg
100,19,2022_11_10_18_46_19_219823_RIM.jpg,"Alligator Cracking","[481.0, -1.0, 312.0, 83.0]",Y:/LCMS_Data_21-12-22/Filtered_for_labeling/cracks_2_data\2022_11_10_isb__To__inner1_Lane1_LHS//Processed_RIM//2022_11_10_18_46_19_219823_RIM.jpg
101,19,2022_11_10_18_46_22_286617_RIM.jpg,"Alligator Cracking","[678.0, 0.0, 297.0, 87.0]",Y:/LCMS_Data_21-12-22/Filtered_for_labeling/cracks_2_data\2022_11_10_isb__To__inner1_Lane1_LHS//Processed_RIM//2022_11_10_18_46_22_286617_RIM.jpg
102,19,2022_11_10_18_46_25_166911_RIM.jpg,"Alligator Cracking","[4.0, 4.0, 518.0, 80.0]",Y:/LCMS_Data_21-12-22/Filtered_for_labeling/cracks_2_data\2022_11_10_isb__To__inner1_Lane1_LHS//Processed_RIM//2022_11_10_18_46_25_166911_RIM.jpg
103,19,2022_11_10_18_46_43_637490_RIM.jpg,"Alligator Cracking","[141.0, 11.0, 323.0, 101.0]",Y:/LCMS_Data_21-12-22/Filtered_for_labeling/cracks_2_data\2022_11_10_isb__To__inner1_Lane1_LHS//Processed_RIM//2022_11_10_18_46_43_637490_RIM.jpg
104,19,2022_11_10_18_46_43_637490_RIM.jpg,"Alligator Cracking","[965.0, 6.0, 508.0, 99.0]",Y:/LCMS_Data_21-12-22/Filtered_for_labeling/cracks_2_data\2022_11_10_isb__To__inner1_Lane1_LHS//Processed_RIM//2022_11_10_18_46_43_637490_RIM.jpg
105,19,2022_11_10_18_46_45_471583_RIM.jpg,"Alligator Cracking","[3.0, 19.0, 804.0, 85.0]",Y:/LCMS_Data_21-12-22/Filtered_for_labeling/cracks_2_data\2022_11_10_isb__To__inner1_Lane1_LHS//Processed_RIM//2022_11_10_18_46_45_471583_RIM.jpg
106,19,2022_11_10_18_46_45_471583_RIM.jpg,"Alligator Cracking","[888.0, 18.0, 137.0, 60.0]",Y:/LCMS_Data_21-12-22/Filtered_for_labeling/cracks_2_data\2022_11_10_isb__To__inner1_Lane1_LHS//Processed_RIM//2022_11_10_18_46_45_471583_RIM.jpg
107,19,2022_11_10_18_46_47_308667_RIM.jpg,"Alligator Cracking","[1281.0, 13.0, 192.0, 118.0]",Y:/LCMS_Data_21-12-22/Filtered_for_labeling/cracks_2_data\2022_11_10_isb__To__inner1_Lane1_LHS//Processed_RIM//2022_11_10_18_46_47_308667_RIM.jpg
108,19,2022_11_10_18_47_14_664473_RIM.jpg,"Alligator Cracking","[398.0, 14.0, 529.0, 74.0]",Y:/LCMS_Data_21-12-22/Filtered_for_labeling/cracks_2_data\2022_11_10_isb__To__inner1_Lane1_LHS//Processed_RIM//2022_11_10_18_47_14_664473_RIM.jpg
109,19,2022_11_10_18_47_18_479266_RIM.jpg,"Alligator Cracking","[4.0, 19.0, 101.0, 114.0]",Y:/LCMS_Data_21-12-22/Filtered_for_labeling/cracks_2_data\2022_11_10_isb__To__inner1_Lane1_LHS//Processed_RIM//2022_11_10_18_47_18_479266_RIM.jpg
110,19,2022_11_10_18_47_18_479266_RIM.jpg,"Alligator Cracking","[1224.0, 25.0, 186.0, 92.0]",Y:/LCMS_Data_21-12-22/Filtered_for_labeling/cracks_2_data\2022_11_10_isb__To__inner1_Lane1_LHS//Processed_RIM//2022_11_10_18_47_18_479266_RIM.jpg
112,19,2022_11_10_18_47_26_082921_RIM.jpg,"Alligator Cracking","[1084.0, 18.0, 387.0, 115.0]",Y:/LCMS_Data_21-12-22/Filtered_for_labeling/cracks_2_data\2022_11_10_isb__To__inner1_Lane1_LHS//Processed_RIM//2022_11_10_18_47_26_082921_RIM.jpg
113,19,2022_11_10_18_48_04_505117_RIM.jpg,"Longitudinal Cracks","[1038.0, 22.0, 321.0, 40.0]",Y:/LCMS_Data_21-12-22/Filtered_for_labeling/cracks_2_data\2022_11_10_isb__To__inner1_Lane1_LHS//Processed_RIM//2022_11_10_18_48_04_505117_RIM.jpg
114,19,2022_11_10_18_48_08_498432_RIM.jpg,"Alligator Cracking","[702.0, 4.0, 246.0, 124.0]",Y:/LCMS_Data_21-12-22/Filtered_for_labeling/cracks_2_data\2022_11_10_isb__To__inner1_Lane1_LHS//Processed_RIM//2022_11_10_18_48_08_498432_RIM.jpg
115,19,2022_11_10_18_48_08_498432_RIM.jpg,"Alligator Cracking","[503.0, 7.0, 93.0, 82.0]",Y:/LCMS_Data_21-12-22/Filtered_for_labeling/cracks_2_data\2022_11_10_isb__To__inner1_Lane1_LHS//Processed_RIM//2022_11_10_18_48_08_498432_RIM.jpg
116,19,2022_11_10_18_48_10_478135_RIM.jpg,"Alligator Cracking","[960.0, 1.0, 513.0, 132.0]",Y:/LCMS_Data_21-12-22/Filtered_for_labeling/cracks_2_data\2022_11_10_isb__To__inner1_Lane1_LHS//Processed_RIM//2022_11_10_18_48_10_478135_RIM.jpg
117,19,2022_11_10_18_48_10_478135_RIM.jpg,"Alligator Cracking","[127.0, -2.0, 692.0, 90.0]",Y:/LCMS_Data_21-12-22/Filtered_for_labeling/cracks_2_data\2022_11_10_isb__To__inner1_Lane1_LHS//Processed_RIM//2022_11_10_18_48_10_478135_RIM.jpg
118,19,2022_11_10_18_48_20_023595_RIM.jpg,"Alligator Cracking","[1166.0, 4.0, 306.0, 71.0]",Y:/LCMS_Data_21-12-22/Filtered_for_labeling/cracks_2_data\2022_11_10_isb__To__inner1_Lane1_LHS//Processed_RIM//2022_11_10_18_48_20_023595_RIM.jpg
119,19,2022_11_10_18_48_21_865666_RIM.jpg,"Alligator Cracking","[10.0, 3.0, 512.0, 101.0]",Y:/LCMS_Data_21-12-22/Filtered_for_labeling/cracks_2_data\2022_11_10_isb__To__inner1_Lane1_LHS//Processed_RIM//2022_11_10_18_48_21_865666_RIM.jpg
120,19,2022_11_10_18_48_21_865666_RIM.jpg,"Alligator Cracking","[854.0, 4.0, 158.0, 80.0]",Y:/LCMS_Data_21-12-22/Filtered_for_labeling/cracks_2_data\2022_11_10_isb__To__inner1_Lane1_LHS//Processed_RIM//2022_11_10_18_48_21_865666_RIM.jpg
121,19,2022_11_10_18_46_12_704257_RIM.jpg,"Longitudinal Cracks","[584.0, 30.0, 461.0, 53.0]",Y:/LCMS_Data_21-12-22/Filtered_for_labeling/cracks_2_data\2022_11_10_isb__To__inner1_Lane1_LHS//Processed_RIM//2022_11_10_18_46_12_704257_RIM.jpg
122,19,2022_11_10_18_48_31_125889_RIM.jpg,"Alligator Cracking","[-1.0, -2.0, 1557.0, 135.0]",Y:/LCMS_Data_21-12-22/Filtered_for_labeling/cracks_2_data\2022_11_10_isb__To__inner1_Lane1_LHS//Processed_RIM//2022_11_10_18_48_31_125889_RIM.jpg
123,19,2022_11_10_18_48_29_246917_RIM.jpg,"Alligator Cracking","[446.0, 0.0, 342.0, 103.0]",Y:/LCMS_Data_21-12-22/Filtered_for_labeling/cracks_2_data\2022_11_10_isb__To__inner1_Lane1_LHS//Processed_RIM//2022_11_10_18_48_29_246917_RIM.jpg
124,19,2022_11_10_18_48_29_246917_RIM.jpg,"Alligator Cracking","[930.0, -2.0, 351.0, 97.0]",Y:/LCMS_Data_21-12-22/Filtered_for_labeling/cracks_2_data\2022_11_10_isb__To__inner1_Lane1_LHS//Processed_RIM//2022_11_10_18_48_29_246917_RIM.jpg
125,19,2022_11_10_18_48_33_020819_RIM.jpg,"Alligator Cracking","[26.0, 4.0, 1537.0, 117.0]",Y:/LCMS_Data_21-12-22/Filtered_for_labeling/cracks_2_data\2022_11_10_isb__To__inner1_Lane1_LHS//Processed_RIM//2022_11_10_18_48_33_020819_RIM.jpg
126,19,2022_11_10_18_48_34_931706_RIM.jpg,"Alligator Cracking","[922.0, 0.0, 236.0, 116.0]",Y:/LCMS_Data_21-12-22/Filtered_for_labeling/cracks_2_data\2022_11_10_isb__To__inner1_Lane1_LHS//Processed_RIM//2022_11_10_18_48_34_931706_RIM.jpg
127,19,2022_11_10_18_48_34_931706_RIM.jpg,ravelling,"[151.0, 0.0, 324.0, 105.0]",Y:/LCMS_Data_21-12-22/Filtered_for_labeling/cracks_2_data\2022_11_10_isb__To__inner1_Lane1_LHS//Processed_RIM//2022_11_10_18_48_34_931706_RIM.jpg
128,19,2022_11_10_18_48_38_756472_RIM.jpg,"Alligator Cracking","[981.0, -2.0, 222.0, 135.0]",Y:/LCMS_Data_21-12-22/Filtered_for_labeling/cracks_2_data\2022_11_10_isb__To__inner1_Lane1_LHS//Processed_RIM//2022_11_10_18_48_38_756472_RIM.jpg
129,19,2022_11_10_18_48_44_285678_RIM.jpg,Pothole,"[1174.0, 0.0, 144.0, 63.0]",Y:/LCMS_Data_21-12-22/Filtered_for_labeling/cracks_2_data\2022_11_10_isb__To__inner1_Lane1_LHS//Processed_RIM//2022_11_10_18_48_44_285678_RIM.jpg
130,19,2022_11_10_18_48_50_124057_RIM.jpg,Pothole,"[301.0, 0.0, 225.0, 124.0]",Y:/LCMS_Data_21-12-22/Filtered_for_labeling/cracks_2_data\2022_11_10_isb__To__inner1_Lane1_LHS//Processed_RIM//2022_11_10_18_48_50_124057_RIM.jpg
131,19,2022_11_10_18_48_50_124057_RIM.jpg,"Alligator Cracking","[26.0, 1.0, 266.0, 105.0]",Y:/LCMS_Data_21-12-22/Filtered_for_labeling/cracks_2_data\2022_11_10_isb__To__inner1_Lane1_LHS//Processed_RIM//2022_11_10_18_48_50_124057_RIM.jpg
132,19,2022_11_10_18_48_52_165594_RIM.jpg,"Alligator Cracking","[-2.0, 0.0, 1116.0, 121.0]",Y:/LCMS_Data_21-12-22/Filtered_for_labeling/cracks_2_data\2022_11_10_isb__To__inner1_Lane1_LHS//Processed_RIM//2022_11_10_18_48_52_165594_RIM.jpg
133,19,2022_11_10_18_48_54_199153_RIM.jpg,"Alligator Cracking","[-2.0, -1.0, 1046.0, 134.0]",Y:/LCMS_Data_21-12-22/Filtered_for_labeling/cracks_2_data\2022_11_10_isb__To__inner1_Lane1_LHS//Processed_RIM//2022_11_10_18_48_54_199153_RIM.jpg
134,19,2022_11_10_18_48_54_199153_RIM.jpg,"Alligator Cracking","[1373.0, 0.0, 190.0, 133.0]",Y:/LCMS_Data_21-12-22/Filtered_for_labeling/cracks_2_data\2022_11_10_isb__To__inner1_Lane1_LHS//Processed_RIM//2022_11_10_18_48_54_199153_RIM.jpg
135,19,2022_11_10_18_48_56_203790_RIM.jpg,"Alligator Cracking","[1182.0, 10.0, 381.0, 123.0]",Y:/LCMS_Data_21-12-22/Filtered_for_labeling/cracks_2_data\2022_11_10_isb__To__inner1_Lane1_LHS//Processed_RIM//2022_11_10_18_48_56_203790_RIM.jpg
136,19,2022_11_10_18_48_58_202442_RIM.jpg,"Alligator Cracking","[-2.0, 1.0, 970.0, 132.0]",Y:/LCMS_Data_21-12-22/Filtered_for_labeling/cracks_2_data\2022_11_10_isb__To__inner1_Lane1_LHS//Processed_RIM//2022_11_10_18_48_58_202442_RIM.jpg
137,19,2022_11_10_18_48_58_202442_RIM.jpg,"Alligator Cracking","[1239.0, 4.0, 324.0, 129.0]",Y:/LCMS_Data_21-12-22/Filtered_for_labeling/cracks_2_data\2022_11_10_isb__To__inner1_Lane1_LHS//Processed_RIM//2022_11_10_18_48_58_202442_RIM.jpg
138,19,2022_11_10_18_49_00_266918_RIM.jpg,"Alligator Cracking","[0.0, 4.0, 1447.0, 107.0]",Y:/LCMS_Data_21-12-22/Filtered_for_labeling/cracks_2_data\2022_11_10_isb__To__inner1_Lane1_LHS//Processed_RIM//2022_11_10_18_49_00_266918_RIM.jpg
139,19,2022_11_10_18_49_02_312445_RIM.jpg,Pothole,"[890.0, -2.0, 409.0, 107.0]",Y:/LCMS_Data_21-12-22/Filtered_for_labeling/cracks_2_data\2022_11_10_isb__To__inner1_Lane1_LHS//Processed_RIM//2022_11_10_18_49_02_312445_RIM.jpg
140,19,2022_11_10_18_49_02_312445_RIM.jpg,"Alligator Cracking","[-2.0, -2.0, 866.0, 95.0]",Y:/LCMS_Data_21-12-22/Filtered_for_labeling/cracks_2_data\2022_11_10_isb__To__inner1_Lane1_LHS//Processed_RIM//2022_11_10_18_49_02_312445_RIM.jpg
141,19,2022_11_10_18_49_02_312445_RIM.jpg,"Alligator Cracking","[1313.0, 5.0, 250.0, 97.0]",Y:/LCMS_Data_21-12-22/Filtered_for_labeling/cracks_2_data\2022_11_10_isb__To__inner1_Lane1_LHS//Processed_RIM//2022_11_10_18_49_02_312445_RIM.jpg
142,19,2022_11_10_18_46_16_073242_RIM.jpg,"Alligator Cracking","[693.0, 22.0, 337.0, 56.0]",Y:/LCMS_Data_21-12-22/Filtered_for_labeling/cracks_2_data\2022_11_10_isb__To__inner1_Lane1_LHS//Processed_RIM//2022_11_10_18_46_16_073242_RIM.jpg
143,19,2022_11_10_18_46_39_891513_RIM.jpg,"Data Loss","[724.0, -2.0, 729.0, 18.0]",Y:/LCMS_Data_21-12-22/Filtered_for_labeling/cracks_2_data\2022_11_10_isb__To__inner1_Lane1_LHS//Processed_RIM//2022_11_10_18_46_39_891513_RIM.jpg
144,19,2022_11_10_18_47_01_939520_RIM.jpg,"Longitudinal Cracks","[422.0, 47.0, 271.0, 66.0]",Y:/LCMS_Data_21-12-22/Filtered_for_labeling/cracks_2_data\2022_11_10_isb__To__inner1_Lane1_LHS//Processed_RIM//2022_11_10_18_47_01_939520_RIM.jpg
145,19,2022_11_10_18_47_14_664473_RIM.jpg,"Transverse Cracks","[60.0, -2.0, 102.0, 135.0]",Y:/LCMS_Data_21-12-22/Filtered_for_labeling/cracks_2_data\2022_11_10_isb__To__inner1_Lane1_LHS//Processed_RIM//2022_11_10_18_47_14_664473_RIM.jpg
146,19,2022_11_10_18_47_20_337295_RIM.jpg,"Alligator Cracking","[1130.0, 2.0, 433.0, 129.0]",Y:/LCMS_Data_21-12-22/Filtered_for_labeling/cracks_2_data\2022_11_10_isb__To__inner1_Lane1_LHS//Processed_RIM//2022_11_10_18_47_20_337295_RIM.jpg
147,19,2022_11_10_18_49_04_277188_RIM.jpg,"Alligator Cracking","[1055.0, -2.0, 499.0, 125.0]",Y:/LCMS_Data_21-12-22/Filtered_for_labeling/cracks_2_data\2022_11_10_isb__To__inner1_Lane1_LHS//Processed_RIM//2022_11_10_18_49_04_277188_RIM.jpg
148,19,2022_11_10_18_49_04_277188_RIM.jpg,"Alligator Cracking","[104.0, 3.0, 934.0, 55.0]",Y:/LCMS_Data_21-12-22/Filtered_for_labeling/cracks_2_data\2022_11_10_isb__To__inner1_Lane1_LHS//Processed_RIM//2022_11_10_18_49_04_277188_RIM.jpg
149,19,2022_11_10_18_49_06_197051_RIM.jpg,"Alligator Cracking","[0.0, 5.0, 982.0, 123.0]",Y:/LCMS_Data_21-12-22/Filtered_for_labeling/cracks_2_data\2022_11_10_isb__To__inner1_Lane1_LHS//Processed_RIM//2022_11_10_18_49_06_197051_RIM.jpg
150,19,2022_11_10_18_49_06_197051_RIM.jpg,"Alligator Cracking","[1239.0, 2.0, 319.0, 78.0]",Y:/LCMS_Data_21-12-22/Filtered_for_labeling/cracks_2_data\2022_11_10_isb__To__inner1_Lane1_LHS//Processed_RIM//2022_11_10_18_49_06_197051_RIM.jpg
151,19,2022_11_10_18_49_08_107938_RIM.jpg,"Alligator Cracking","[682.0, 2.0, 881.0, 129.0]",Y:/LCMS_Data_21-12-22/Filtered_for_labeling/cracks_2_data\2022_11_10_isb__To__inner1_Lane1_LHS//Processed_RIM//2022_11_10_18_49_08_107938_RIM.jpg
152,19,2022_11_10_18_49_08_107938_RIM.jpg,"Alligator Cracking","[150.0, 29.0, 161.0, 82.0]",Y:/LCMS_Data_21-12-22/Filtered_for_labeling/cracks_2_data\2022_11_10_isb__To__inner1_Lane1_LHS//Processed_RIM//2022_11_10_18_49_08_107938_RIM.jpg
153,19,2022_11_10_18_49_10_012841_RIM.jpg,"Alligator Cracking","[-1.0, 9.0, 540.0, 93.0]",Y:/LCMS_Data_21-12-22/Filtered_for_labeling/cracks_2_data\2022_11_10_isb__To__inner1_Lane1_LHS//Processed_RIM//2022_11_10_18_49_10_012841_RIM.jpg
154,19,2022_11_10_18_49_10_012841_RIM.jpg,"Alligator Cracking","[797.0, -1.0, 766.0, 110.0]",Y:/LCMS_Data_21-12-22/Filtered_for_labeling/cracks_2_data\2022_11_10_isb__To__inner1_Lane1_LHS//Processed_RIM//2022_11_10_18_49_10_012841_RIM.jpg
155,19,2022_11_10_18_49_11_948662_RIM.jpg,"Alligator Cracking","[5.0, 3.0, 885.0, 123.0]",Y:/LCMS_Data_21-12-22/Filtered_for_labeling/cracks_2_data\2022_11_10_isb__To__inner1_Lane1_LHS//Processed_RIM//2022_11_10_18_49_11_948662_RIM.jpg
156,19,2022_11_10_18_49_11_948662_RIM.jpg,"Alligator Cracking","[895.0, -1.0, 665.0, 87.0]",Y:/LCMS_Data_21-12-22/Filtered_for_labeling/cracks_2_data\2022_11_10_isb__To__inner1_Lane1_LHS//Processed_RIM//2022_11_10_18_49_11_948662_RIM.jpg
157,19,2022_11_10_18_49_13_925373_RIM.jpg,"Alligator Cracking","[8.0, 1.0, 655.0, 130.0]",Y:/LCMS_Data_21-12-22/Filtered_for_labeling/cracks_2_data\2022_11_10_isb__To__inner1_Lane1_LHS//Processed_RIM//2022_11_10_18_49_13_925373_RIM.jpg
158,19,2022_11_10_18_49_13_925373_RIM.jpg,"Alligator Cracking","[1096.0, 35.0, 458.0, 75.0]",Y:/LCMS_Data_21-12-22/Filtered_for_labeling/cracks_2_data\2022_11_10_isb__To__inner1_Lane1_LHS//Processed_RIM//2022_11_10_18_49_13_925373_RIM.jpg
159,19,2022_11_10_18_49_15_892111_RIM.jpg,"Alligator Cracking","[222.0, 0.0, 872.0, 126.0]",Y:/LCMS_Data_21-12-22/Filtered_for_labeling/cracks_2_data\2022_11_10_isb__To__inner1_Lane1_LHS//Processed_RIM//2022_11_10_18_49_15_892111_RIM.jpg
160,19,2022_11_10_18_49_15_892111_RIM.jpg,"Alligator Cracking","[-2.0, 0.0, 217.0, 85.0]",Y:/LCMS_Data_21-12-22/Filtered_for_labeling/cracks_2_data\2022_11_10_isb__To__inner1_Lane1_LHS//Processed_RIM//2022_11_10_18_49_15_892111_RIM.jpg
161,19,2022_11_10_18_49_15_892111_RIM.jpg,"Alligator Cracking","[1154.0, 30.0, 394.0, 71.0]",Y:/LCMS_Data_21-12-22/Filtered_for_labeling/cracks_2_data\2022_11_10_isb__To__inner1_Lane1_LHS//Processed_RIM//2022_11_10_18_49_15_892111_RIM.jpg
162,19,2022_11_10_18_49_17_805990_RIM.jpg,"Alligator Cracking","[9.0, 3.0, 1085.0, 130.0]",Y:/LCMS_Data_21-12-22/Filtered_for_labeling/cracks_2_data\2022_11_10_isb__To__inner1_Lane1_LHS//Processed_RIM//2022_11_10_18_49_17_805990_RIM.jpg
163,19,2022_11_10_18_49_17_805990_RIM.jpg,"Alligator Cracking","[1115.0, 5.0, 448.0, 82.0]",Y:/LCMS_Data_21-12-22/Filtered_for_labeling/cracks_2_data\2022_11_10_isb__To__inner1_Lane1_LHS//Processed_RIM//2022_11_10_18_49_17_805990_RIM.jpg
164,19,2022_11_10_18_49_19_690946_RIM.jpg,"Alligator Cracking","[518.0, 6.0, 648.0, 127.0]",Y:/LCMS_Data_21-12-22/Filtered_for_labeling/cracks_2_data\2022_11_10_isb__To__inner1_Lane1_LHS//Processed_RIM//2022_11_10_18_49_19_690946_RIM.jpg
165,19,2022_11_10_18_49_29_441856_RIM.jpg,"Alligator Cracking","[2.0, -2.0, 542.0, 135.0]",Y:/LCMS_Data_21-12-22/Filtered_for_labeling/cracks_2_data\2022_11_10_isb__To__inner1_Lane1_LHS//Processed_RIM//2022_11_10_18_49_29_441856_RIM.jpg
166,19,2022_11_10_18_49_29_441856_RIM.jpg,"Alligator Cracking","[1025.0, 57.0, 538.0, 70.0]",Y:/LCMS_Data_21-12-22/Filtered_for_labeling/cracks_2_data\2022_11_10_isb__To__inner1_Lane1_LHS//Processed_RIM//2022_11_10_18_49_29_441856_RIM.jpg
167,19,2022_11_10_18_49_29_441856_RIM.jpg,"Alligator Cracking","[776.0, 11.0, 217.0, 62.0]",Y:/LCMS_Data_21-12-22/Filtered_for_labeling/cracks_2_data\2022_11_10_isb__To__inner1_Lane1_LHS//Processed_RIM//2022_11_10_18_49_29_441856_RIM.jpg
168,19,2022_11_10_18_49_31_746689_RIM.jpg,"Alligator Cracking","[3.0, -2.0, 1560.0, 135.0]",Y:/LCMS_Data_21-12-22/Filtered_for_labeling/cracks_2_data\2022_11_10_isb__To__inner1_Lane1_LHS//Processed_RIM//2022_11_10_18_49_31_746689_RIM.jpg
169,19,2022_11_10_18_49_33_997667_RIM.jpg,"Alligator Cracking","[596.0, 22.0, 966.0, 111.0]",Y:/LCMS_Data_21-12-22/Filtered_for_labeling/cracks_2_data\2022_11_10_isb__To__inner1_Lane1_LHS//Processed_RIM//2022_11_10_18_49_33_997667_RIM.jpg
170,19,2022_11_10_18_49_33_997667_RIM.jpg,"Alligator Cracking","[-2.0, 1.0, 205.0, 132.0]",Y:/LCMS_Data_21-12-22/Filtered_for_labeling/cracks_2_data\2022_11_10_isb__To__inner1_Lane1_LHS//Processed_RIM//2022_11_10_18_49_33_997667_RIM.jpg
171,19,2022_11_10_18_49_36_214734_RIM.jpg,"Alligator Cracking","[1053.0, 9.0, 509.0, 124.0]",Y:/LCMS_Data_21-12-22/Filtered_for_labeling/cracks_2_data\2022_11_10_isb__To__inner1_Lane1_LHS//Processed_RIM//2022_11_10_18_49_36_214734_RIM.jpg
172,19,2022_11_10_18_49_36_214734_RIM.jpg,"Alligator Cracking","[208.0, 61.0, 362.0, 72.0]",Y:/LCMS_Data_21-12-22/Filtered_for_labeling/cracks_2_data\2022_11_10_isb__To__inner1_Lane1_LHS//Processed_RIM//2022_11_10_18_49_36_214734_RIM.jpg
173,19,2022_11_10_18_49_40_789494_RIM.jpg,"Alligator Cracking","[458.0, 3.0, 618.0, 130.0]",Y:/LCMS_Data_21-12-22/Filtered_for_labeling/cracks_2_data\2022_11_10_isb__To__inner1_Lane1_LHS//Processed_RIM//2022_11_10_18_49_40_789494_RIM.jpg
174,19,2022_11_10_18_49_42_977639_RIM.jpg,"Alligator Cracking","[-2.0, 0.0, 844.0, 82.0]",Y:/LCMS_Data_21-12-22/Filtered_for_labeling/cracks_2_data\2022_11_10_isb__To__inner1_Lane1_LHS//Processed_RIM//2022_11_10_18_49_42_977639_RIM.jpg
175,19,2022_11_10_18_49_45_160798_RIM.jpg,"Alligator Cracking","[319.0, 7.0, 701.0, 120.0]",Y:/LCMS_Data_21-12-22/Filtered_for_labeling/cracks_2_data\2022_11_10_isb__To__inner1_Lane1_LHS//Processed_RIM//2022_11_10_18_49_45_160798_RIM.jpg
176,19,2022_11_10_18_49_45_160798_RIM.jpg,"Alligator Cracking","[1281.0, 8.0, 282.0, 108.0]",Y:/LCMS_Data_21-12-22/Filtered_for_labeling/cracks_2_data\2022_11_10_isb__To__inner1_Lane1_LHS//Processed_RIM//2022_11_10_18_49_45_160798_RIM.jpg
177,19,2022_11_10_18_49_47_324010_RIM.jpg,"Alligator Cracking","[3.0, 0.0, 572.0, 133.0]",Y:/LCMS_Data_21-12-22/Filtered_for_labeling/cracks_2_data\2022_11_10_isb__To__inner1_Lane1_LHS//Processed_RIM//2022_11_10_18_49_47_324010_RIM.jpg
178,19,2022_11_10_18_49_47_324010_RIM.jpg,"Alligator Cracking","[858.0, 1.0, 637.0, 127.0]",Y:/LCMS_Data_21-12-22/Filtered_for_labeling/cracks_2_data\2022_11_10_isb__To__inner1_Lane1_LHS//Processed_RIM//2022_11_10_18_49_47_324010_RIM.jpg
179,19,2022_11_10_18_49_49_461291_RIM.jpg,"Alligator Cracking","[5.0, -2.0, 1558.0, 135.0]",Y:/LCMS_Data_21-12-22/Filtered_for_labeling/cracks_2_data\2022_11_10_isb__To__inner1_Lane1_LHS//Processed_RIM//2022_11_10_18_49_49_461291_RIM.jpg
180,19,2022_11_10_18_49_51_555688_RIM.jpg,"Alligator Cracking","[246.0, 5.0, 998.0, 128.0]",Y:/LCMS_Data_21-12-22/Filtered_for_labeling/cracks_2_data\2022_11_10_isb__To__inner1_Lane1_LHS//Processed_RIM//2022_11_10_18_49_51_555688_RIM.jpg
181,19,2022_11_10_18_49_51_555688_RIM.jpg,"Alligator Cracking","[1379.0, 8.0, 179.0, 125.0]",Y:/LCMS_Data_21-12-22/Filtered_for_labeling/cracks_2_data\2022_11_10_isb__To__inner1_Lane1_LHS//Processed_RIM//2022_11_10_18_49_51_555688_RIM.jpg
182,19,2022_11_10_18_49_51_555688_RIM.jpg,"Alligator Cracking","[7.0, 44.0, 87.0, 86.0]",Y:/LCMS_Data_21-12-22/Filtered_for_labeling/cracks_2_data\2022_11_10_isb__To__inner1_Lane1_LHS//Processed_RIM//2022_11_10_18_49_51_555688_RIM.jpg
183,19,2022_11_10_18_49_53_668036_RIM.jpg,"Alligator Cracking","[909.0, 17.0, 654.0, 116.0]",Y:/LCMS_Data_21-12-22/Filtered_for_labeling/cracks_2_data\2022_11_10_isb__To__inner1_Lane1_LHS//Processed_RIM//2022_11_10_18_49_53_668036_RIM.jpg
184,19,2022_11_10_18_49_55_755450_RIM.jpg,"Alligator Cracking","[315.0, -1.0, 417.0, 134.0]",Y:/LCMS_Data_21-12-22/Filtered_for_labeling/cracks_2_data\2022_11_10_isb__To__inner1_Lane1_LHS//Processed_RIM//2022_11_10_18_49_55_755450_RIM.jpg
186,19,2022_11_10_18_49_57_815937_RIM.jpg,"Alligator Cracking","[320.0, 4.0, 350.0, 125.0]",Y:/LCMS_Data_21-12-22/Filtered_for_labeling/cracks_2_data\2022_11_10_isb__To__inner1_Lane1_LHS//Processed_RIM//2022_11_10_18_49_57_815937_RIM.jpg
187,19,2022_11_10_18_49_57_815937_RIM.jpg,"Alligator Cracking","[5.0, 14.0, 149.0, 102.0]",Y:/LCMS_Data_21-12-22/Filtered_for_labeling/cracks_2_data\2022_11_10_isb__To__inner1_Lane1_LHS//Processed_RIM//2022_11_10_18_49_57_815937_RIM.jpg
188,19,2022_11_10_18_49_59_860467_RIM.jpg,"Alligator Cracking","[8.0, -2.0, 801.0, 96.0]",Y:/LCMS_Data_21-12-22/Filtered_for_labeling/cracks_2_data\2022_11_10_isb__To__inner1_Lane1_LHS//Processed_RIM//2022_11_10_18_49_59_860467_RIM.jpg
189,19,2022_11_10_18_49_59_860467_RIM.jpg,"Alligator Cracking","[1002.0, 2.0, 561.0, 123.0]",Y:/LCMS_Data_21-12-22/Filtered_for_labeling/cracks_2_data\2022_11_10_isb__To__inner1_Lane1_LHS//Processed_RIM//2022_11_10_18_49_59_860467_RIM.jpg
190,19,2022_11_10_18_50_01_928932_RIM.jpg,"Alligator Cracking","[6.0, 0.0, 1554.0, 133.0]",Y:/LCMS_Data_21-12-22/Filtered_for_labeling/cracks_2_data\2022_11_10_isb__To__inner1_Lane1_LHS//Processed_RIM//2022_11_10_18_50_01_928932_RIM.jpg
191,19,2022_11_10_18_50_03_966481_RIM.jpg,"Alligator Cracking","[4.0, 0.0, 1554.0, 133.0]",Y:/LCMS_Data_21-12-22/Filtered_for_labeling/cracks_2_data\2022_11_10_isb__To__inner1_Lane1_LHS//Processed_RIM//2022_11_10_18_50_03_966481_RIM.jpg
192,19,2022_11_10_18_50_05_997048_RIM.jpg,"Alligator Cracking","[203.0, 7.0, 548.0, 126.0]",Y:/LCMS_Data_21-12-22/Filtered_for_labeling/cracks_2_data\2022_11_10_isb__To__inner1_Lane1_LHS//Processed_RIM//2022_11_10_18_50_05_997048_RIM.jpg
193,19,2022_11_10_18_50_05_997048_RIM.jpg,"Alligator Cracking","[924.0, 17.0, 636.0, 108.0]",Y:/LCMS_Data_21-12-22/Filtered_for_labeling/cracks_2_data\2022_11_10_isb__To__inner1_Lane1_LHS//Processed_RIM//2022_11_10_18_50_05_997048_RIM.jpg
194,19,2022_11_10_18_50_08_025620_RIM.jpg,"Alligator Cracking","[2.0, 6.0, 1561.0, 127.0]",Y:/LCMS_Data_21-12-22/Filtered_for_labeling/cracks_2_data\2022_11_10_isb__To__inner1_Lane1_LHS//Processed_RIM//2022_11_10_18_50_08_025620_RIM.jpg
195,19,2022_11_10_18_50_10_064166_RIM.jpg,"Alligator Cracking","[3.0, 2.0, 1560.0, 131.0]",Y:/LCMS_Data_21-12-22/Filtered_for_labeling/cracks_2_data\2022_11_10_isb__To__inner1_Lane1_LHS//Processed_RIM//2022_11_10_18_50_10_064166_RIM.jpg
196,19,2022_11_10_18_50_12_134626_RIM.jpg,"Alligator Cracking","[1.0, 7.0, 1562.0, 126.0]",Y:/LCMS_Data_21-12-22/Filtered_for_labeling/cracks_2_data\2022_11_10_isb__To__inner1_Lane1_LHS//Processed_RIM//2022_11_10_18_50_12_134626_RIM.jpg
197,19,2022_11_10_18_50_14_271907_RIM.jpg,"Alligator Cracking","[0.0, -2.0, 1563.0, 135.0]",Y:/LCMS_Data_21-12-22/Filtered_for_labeling/cracks_2_data\2022_11_10_isb__To__inner1_Lane1_LHS//Processed_RIM//2022_11_10_18_50_14_271907_RIM.jpg
198,19,2022_11_10_18_50_16_612644_RIM.jpg,"Alligator Cracking","[1451.0, 9.0, 106.0, 124.0]",Y:/LCMS_Data_21-12-22/Filtered_for_labeling/cracks_2_data\2022_11_10_isb__To__inner1_Lane1_LHS//Processed_RIM//2022_11_10_18_50_16_612644_RIM.jpg
199,19,2022_11_10_18_49_19_690946_RIM.jpg,"Alligator Cracking","[97.0, 7.0, 261.0, 118.0]",Y:/LCMS_Data_21-12-22/Filtered_for_labeling/cracks_2_data\2022_11_10_isb__To__inner1_Lane1_LHS//Processed_RIM//2022_11_10_18_49_19_690946_RIM.jpg
200,19,2022_11_10_18_49_42_977639_RIM.jpg,"Alligator Cracking","[1185.0, 13.0, 341.0, 97.0]",Y:/LCMS_Data_21-12-22/Filtered_for_labeling/cracks_2_data\2022_11_10_isb__To__inner1_Lane1_LHS//Processed_RIM//2022_11_10_18_49_42_977639_RIM.jpg
201,19,2022_11_10_18_49_55_755450_RIM.jpg,"Alligator Cracking","[957.0, 16.0, 418.0, 117.0]",Y:/LCMS_Data_21-12-22/Filtered_for_labeling/cracks_2_data\2022_11_10_isb__To__inner1_Lane1_LHS//Processed_RIM//2022_11_10_18_49_55_755450_RIM.jpg
202,20,2022_11_10_17_45_53_296130_RIM.jpg,Pothole,"[12.0, -1.0, 205.0, 62.0]",Y:/LCMS_Data_21-12-22/Filtered_for_labeling/Data_cracks_2\2022_11_10_isb__To__inner3_Lane1_LHS//Processed_RIM//2022_11_10_17_45_53_296130_RIM.jpg
203,20,2022_11_10_17_45_53_296130_RIM.jpg,Pothole,"[593.0, 2.0, 63.0, 52.0]",Y:/LCMS_Data_21-12-22/Filtered_for_labeling/Data_cracks_2\2022_11_10_isb__To__inner3_Lane1_LHS//Processed_RIM//2022_11_10_17_45_53_296130_RIM.jpg
204,20,2022_11_10_17_45_56_907468_RIM.jpg,"Alligator Cracking","[923.0, 4.0, 600.0, 58.0]",Y:/LCMS_Data_21-12-22/Filtered_for_labeling/Data_cracks_2\2022_11_10_isb__To__inner3_Lane1_LHS//Processed_RIM//2022_11_10_17_45_56_907468_RIM.jpg
205,20,2022_11_10_17_45_59_986230_RIM.jpg,"Alligator Cracking","[-2.0, 17.0, 1392.0, 63.0]",Y:/LCMS_Data_21-12-22/Filtered_for_labeling/Data_cracks_2\2022_11_10_isb__To__inner3_Lane1_LHS//Processed_RIM//2022_11_10_17_45_59_986230_RIM.jpg
206,20,2022_11_10_17_46_02_981216_RIM.jpg,"Alligator Cracking","[920.0, 1.0, 627.0, 88.0]",Y:/LCMS_Data_21-12-22/Filtered_for_labeling/Data_cracks_2\2022_11_10_isb__To__inner3_Lane1_LHS//Processed_RIM//2022_11_10_17_46_02_981216_RIM.jpg
207,20,2022_11_10_17_46_02_981216_RIM.jpg,"Alligator Cracking","[48.0, 18.0, 340.0, 50.0]",Y:/LCMS_Data_21-12-22/Filtered_for_labeling/Data_cracks_2\2022_11_10_isb__To__inner3_Lane1_LHS//Processed_RIM//2022_11_10_17_46_02_981216_RIM.jpg
208,20,2022_11_10_17_46_05_721883_RIM.jpg,"Alligator Cracking","[209.0, 14.0, 987.0, 71.0]",Y:/LCMS_Data_21-12-22/Filtered_for_labeling/Data_cracks_2\2022_11_10_isb__To__inner3_Lane1_LHS//Processed_RIM//2022_11_10_17_46_05_721883_RIM.jpg
209,20,2022_11_10_17_46_08_220201_RIM.jpg,"Data Loss","[8.0, -1.0, 1555.0, 9.0]",Y:/LCMS_Data_21-12-22/Filtered_for_labeling/Data_cracks_2\2022_11_10_isb__To__inner3_Lane1_LHS//Processed_RIM//2022_11_10_17_46_08_220201_RIM.jpg
210,20,2022_11_10_17_46_10_567917_RIM.jpg,"Data Loss","[9.0, 0.0, 1541.0, 9.0]",Y:/LCMS_Data_21-12-22/Filtered_for_labeling/Data_cracks_2\2022_11_10_isb__To__inner3_Lane1_LHS//Processed_RIM//2022_11_10_17_46_10_567917_RIM.jpg
211,20,2022_11_10_17_46_10_567917_RIM.jpg,"Alligator Cracking","[1028.0, 27.0, 320.0, 65.0]",Y:/LCMS_Data_21-12-22/Filtered_for_labeling/Data_cracks_2\2022_11_10_isb__To__inner3_Lane1_LHS//Processed_RIM//2022_11_10_17_46_10_567917_RIM.jpg
212,20,2022_11_10_17_46_10_567917_RIM.jpg,"Alligator Cracking","[10.0, 32.0, 116.0, 51.0]",Y:/LCMS_Data_21-12-22/Filtered_for_labeling/Data_cracks_2\2022_11_10_isb__To__inner3_Lane1_LHS//Processed_RIM//2022_11_10_17_46_10_567917_RIM.jpg
213,20,2022_11_10_17_46_12_827870_RIM.jpg,"Data Loss","[3.0, 2.0, 749.0, 8.0]",Y:/LCMS_Data_21-12-22/Filtered_for_labeling/Data_cracks_2\2022_11_10_isb__To__inner3_Lane1_LHS//Processed_RIM//2022_11_10_17_46_12_827870_RIM.jpg
214,20,2022_11_10_17_46_12_827870_RIM.jpg,"Data Loss","[1001.0, 0.0, 544.0, 13.0]",Y:/LCMS_Data_21-12-22/Filtered_for_labeling/Data_cracks_2\2022_11_10_isb__To__inner3_Lane1_LHS//Processed_RIM//2022_11_10_17_46_12_827870_RIM.jpg
215,20,2022_11_10_17_46_12_827870_RIM.jpg,"Alligator Cracking","[35.0, 26.0, 668.0, 38.0]",Y:/LCMS_Data_21-12-22/Filtered_for_labeling/Data_cracks_2\2022_11_10_isb__To__inner3_Lane1_LHS//Processed_RIM//2022_11_10_17_46_12_827870_RIM.jpg
216,20,2022_11_10_17_46_12_827870_RIM.jpg,"Alligator Cracking","[1205.0, 22.0, 358.0, 81.0]",Y:/LCMS_Data_21-12-22/Filtered_for_labeling/Data_cracks_2\2022_11_10_isb__To__inner3_Lane1_LHS//Processed_RIM//2022_11_10_17_46_12_827870_RIM.jpg
217,20,2022_11_10_17_46_15_002053_RIM.jpg,"Data Loss","[586.0, 1.0, 631.0, 9.0]",Y:/LCMS_Data_21-12-22/Filtered_for_labeling/Data_cracks_2\2022_11_10_isb__To__inner3_Lane1_LHS//Processed_RIM//2022_11_10_17_46_15_002053_RIM.jpg
218,20,2022_11_10_17_46_15_002053_RIM.jpg,"Data Loss","[1321.0, -2.0, 228.0, 18.0]",Y:/LCMS_Data_21-12-22/Filtered_for_labeling/Data_cracks_2\2022_11_10_isb__To__inner3_Lane1_LHS//Processed_RIM//2022_11_10_17_46_15_002053_RIM.jpg
219,20,2022_11_10_17_46_24_866659_RIM.jpg,"Data Loss","[13.0, 2.0, 1399.0, 14.0]",Y:/LCMS_Data_21-12-22/Filtered_for_labeling/Data_cracks_2\2022_11_10_isb__To__inner3_Lane1_LHS//Processed_RIM//2022_11_10_17_46_24_866659_RIM.jpg
220,20,2022_11_10_17_46_26_614981_RIM.jpg,"Alligator Cracking","[15.0, 0.0, 1546.0, 14.0]",Y:/LCMS_Data_21-12-22/Filtered_for_labeling/Data_cracks_2\2022_11_10_isb__To__inner3_Lane1_LHS//Processed_RIM//2022_11_10_17_46_26_614981_RIM.jpg
221,20,2022_11_10_17_46_28_377266_RIM.jpg,"Data Loss","[22.0, -2.0, 815.0, 15.0]",Y:/LCMS_Data_21-12-22/Filtered_for_labeling/Data_cracks_2\2022_11_10_isb__To__inner3_Lane1_LHS//Processed_RIM//2022_11_10_17_46_28_377266_RIM.jpg
222,20,2022_11_10_17_46_28_377266_RIM.jpg,"Data Loss","[968.0, -2.0, 588.0, 17.0]",Y:/LCMS_Data_21-12-22/Filtered_for_labeling/Data_cracks_2\2022_11_10_isb__To__inner3_Lane1_LHS//Processed_RIM//2022_11_10_17_46_28_377266_RIM.jpg
223,20,2022_11_10_17_46_37_431041_RIM.jpg,"Alligator Cracking","[172.0, 1.0, 554.0, 46.0]",Y:/LCMS_Data_21-12-22/Filtered_for_labeling/Data_cracks_2\2022_11_10_isb__To__inner3_Lane1_LHS//Processed_RIM//2022_11_10_17_46_37_431041_RIM.jpg
224,20,2022_11_10_17_46_42_790700_RIM.jpg,"Alligator Cracking","[187.0, 20.0, 331.0, 89.0]",Y:/LCMS_Data_21-12-22/Filtered_for_labeling/Data_cracks_2\2022_11_10_isb__To__inner3_Lane1_LHS//Processed_RIM//2022_11_10_17_46_42_790700_RIM.jpg
225,20,2022_11_10_17_46_42_790700_RIM.jpg,"Alligator Cracking","[1028.0, 24.0, 392.0, 54.0]",Y:/LCMS_Data_21-12-22/Filtered_for_labeling/Data_cracks_2\2022_11_10_isb__To__inner3_Lane1_LHS//Processed_RIM//2022_11_10_17_46_42_790700_RIM.jpg
226,20,2022_11_10_17_46_42_790700_RIM.jpg,"Alligator Cracking","[769.0, 13.0, 122.0, 77.0]",Y:/LCMS_Data_21-12-22/Filtered_for_labeling/Data_cracks_2\2022_11_10_isb__To__inner3_Lane1_LHS//Processed_RIM//2022_11_10_17_46_42_790700_RIM.jpg
227,20,2022_11_10_17_46_46_390070_RIM.jpg,"Alligator Cracking","[29.0, 45.0, 356.0, 80.0]",Y:/LCMS_Data_21-12-22/Filtered_for_labeling/Data_cracks_2\2022_11_10_isb__To__inner3_Lane1_LHS//Processed_RIM//2022_11_10_17_46_46_390070_RIM.jpg
228,20,2022_11_10_17_46_46_390070_RIM.jpg,"Data Loss","[885.0, -2.0, 675.0, 16.0]",Y:/LCMS_Data_21-12-22/Filtered_for_labeling/Data_cracks_2\2022_11_10_isb__To__inner3_Lane1_LHS//Processed_RIM//2022_11_10_17_46_46_390070_RIM.jpg
229,20,2022_11_10_17_46_48_169309_RIM.jpg,"Alligator Cracking","[739.0, 24.0, 817.0, 112.0]",Y:/LCMS_Data_21-12-22/Filtered_for_labeling/Data_cracks_2\2022_11_10_isb__To__inner3_Lane1_LHS//Processed_RIM//2022_11_10_17_46_48_169309_RIM.jpg
230,20,2022_11_10_17_46_49_967498_RIM.jpg,"Alligator Cracking","[1267.0, -1.0, 296.0, 137.0]",Y:/LCMS_Data_21-12-22/Filtered_for_labeling/Data_cracks_2\2022_11_10_isb__To__inner3_Lane1_LHS//Processed_RIM//2022_11_10_17_46_49_967498_RIM.jpg
231,20,2022_11_10_17_46_49_967498_RIM.jpg,"Alligator Cracking","[7.0, 8.0, 481.0, 103.0]",Y:/LCMS_Data_21-12-22/Filtered_for_labeling/Data_cracks_2\2022_11_10_isb__To__inner3_Lane1_LHS//Processed_RIM//2022_11_10_17_46_49_967498_RIM.jpg
232,20,2022_11_10_17_46_58_834772_RIM.jpg,"Alligator Cracking","[-2.0, 2.0, 444.0, 132.0]",Y:/LCMS_Data_21-12-22/Filtered_for_labeling/Data_cracks_2\2022_11_10_isb__To__inner3_Lane1_LHS//Processed_RIM//2022_11_10_17_46_58_834772_RIM.jpg
233,20,2022_11_10_17_47_14_520802_RIM.jpg,"Alligator Cracking","[339.0, 8.0, 132.0, 103.0]",Y:/LCMS_Data_21-12-22/Filtered_for_labeling/Data_cracks_2\2022_11_10_isb__To__inner3_Lane1_LHS//Processed_RIM//2022_11_10_17_47_14_520802_RIM.jpg
235,20,2022_11_10_17_47_43_200066_RIM.jpg,"Alligator Cracking","[1042.0, 7.0, 149.0, 63.0]",Y:/LCMS_Data_21-12-22/Filtered_for_labeling/Data_cracks_2\2022_11_10_isb__To__inner3_Lane1_LHS//Processed_RIM//2022_11_10_17_47_43_200066_RIM.jpg
236,20,2022_11_10_17_47_41_358992_RIM.jpg,"Alligator Cracking","[1217.0, 0.0, 344.0, 51.0]",Y:/LCMS_Data_21-12-22/Filtered_for_labeling/Data_cracks_2\2022_11_10_isb__To__inner3_Lane1_LHS//Processed_RIM//2022_11_10_17_47_41_358992_RIM.jpg
237,20,2022_11_10_17_47_45_051113_RIM.jpg,"Alligator Cracking","[609.0, 9.0, 592.0, 127.0]",Y:/LCMS_Data_21-12-22/Filtered_for_labeling/Data_cracks_2\2022_11_10_isb__To__inner3_Lane1_LHS//Processed_RIM//2022_11_10_17_47_45_051113_RIM.jpg
238,20,2022_11_10_17_47_52_275783_RIM.jpg,"Alligator Cracking","[860.0, 1.0, 413.0, 47.0]",Y:/LCMS_Data_21-12-22/Filtered_for_labeling/Data_cracks_2\2022_11_10_isb__To__inner3_Lane1_LHS//Processed_RIM//2022_11_10_17_47_52_275783_RIM.jpg
239,20,2022_11_10_17_47_55_860192_RIM.jpg,"Alligator Cracking","[1076.0, 2.0, 484.0, 69.0]",Y:/LCMS_Data_21-12-22/Filtered_for_labeling/Data_cracks_2\2022_11_10_isb__To__inner3_Lane1_LHS//Processed_RIM//2022_11_10_17_47_55_860192_RIM.jpg
240,20,2022_11_10_17_47_55_860192_RIM.jpg,"Alligator Cracking","[542.0, -2.0, 393.0, 56.0]",Y:/LCMS_Data_21-12-22/Filtered_for_labeling/Data_cracks_2\2022_11_10_isb__To__inner3_Lane1_LHS//Processed_RIM//2022_11_10_17_47_55_860192_RIM.jpg
241,20,2022_11_10_17_47_57_656386_RIM.jpg,"Alligator Cracking","[123.0, 4.0, 1310.0, 57.0]",Y:/LCMS_Data_21-12-22/Filtered_for_labeling/Data_cracks_2\2022_11_10_isb__To__inner3_Lane1_LHS//Processed_RIM//2022_11_10_17_47_57_656386_RIM.jpg
242,20,2022_11_10_17_47_59_461556_RIM.jpg,"Alligator Cracking","[5.0, 3.0, 377.0, 64.0]",Y:/LCMS_Data_21-12-22/Filtered_for_labeling/Data_cracks_2\2022_11_10_isb__To__inner3_Lane1_LHS//Processed_RIM//2022_11_10_17_47_59_461556_RIM.jpg
243,20,2022_11_10_17_47_59_461556_RIM.jpg,"Alligator Cracking","[1456.0, 2.0, 107.0, 52.0]",Y:/LCMS_Data_21-12-22/Filtered_for_labeling/Data_cracks_2\2022_11_10_isb__To__inner3_Lane1_LHS//Processed_RIM//2022_11_10_17_47_59_461556_RIM.jpg
244,20,2022_11_10_17_48_01_258748_RIM.jpg,"Alligator Cracking","[208.0, 1.0, 342.0, 66.0]",Y:/LCMS_Data_21-12-22/Filtered_for_labeling/Data_cracks_2\2022_11_10_isb__To__inner3_Lane1_LHS//Processed_RIM//2022_11_10_17_48_01_258748_RIM.jpg
245,20,2022_11_10_17_48_01_258748_RIM.jpg,"Alligator Cracking","[1301.0, 5.0, 251.0, 45.0]",Y:/LCMS_Data_21-12-22/Filtered_for_labeling/Data_cracks_2\2022_11_10_isb__To__inner3_Lane1_LHS//Processed_RIM//2022_11_10_17_48_01_258748_RIM.jpg
247,20,2022_11_10_17_48_06_679261_RIM.jpg,"Alligator Cracking","[-2.0, -1.0, 981.0, 86.0]",Y:/LCMS_Data_21-12-22/Filtered_for_labeling/Data_cracks_2\2022_11_10_isb__To__inner3_Lane1_LHS//Processed_RIM//2022_11_10_17_48_06_679261_RIM.jpg
248,20,2022_11_10_17_48_08_512861_RIM.jpg,"Alligator Cracking","[3.0, -2.0, 1560.0, 88.0]",Y:/LCMS_Data_21-12-22/Filtered_for_labeling/Data_cracks_2\2022_11_10_isb__To__inner3_Lane1_LHS//Processed_RIM//2022_11_10_17_48_08_512861_RIM.jpg
249,20,2022_11_10_17_48_10_354945_RIM.jpg,"Alligator Cracking","[199.0, 6.0, 510.0, 46.0]",Y:/LCMS_Data_21-12-22/Filtered_for_labeling/Data_cracks_2\2022_11_10_isb__To__inner3_Lane1_LHS//Processed_RIM//2022_11_10_17_48_10_354945_RIM.jpg
250,20,2022_11_10_17_48_10_354945_RIM.jpg,"Alligator Cracking","[807.0, -2.0, 756.0, 75.0]",Y:/LCMS_Data_21-12-22/Filtered_for_labeling/Data_cracks_2\2022_11_10_isb__To__inner3_Lane1_LHS//Processed_RIM//2022_11_10_17_48_10_354945_RIM.jpg
251,20,2022_11_10_17_48_12_185078_RIM.jpg,"Alligator Cracking","[465.0, 9.0, 735.0, 52.0]",Y:/LCMS_Data_21-12-22/Filtered_for_labeling/Data_cracks_2\2022_11_10_isb__To__inner3_Lane1_LHS//Processed_RIM//2022_11_10_17_48_12_185078_RIM.jpg
252,20,2022_11_10_17_48_15_789954_RIM.jpg,"Alligator Cracking","[95.0, 0.0, 413.0, 103.0]",Y:/LCMS_Data_21-12-22/Filtered_for_labeling/Data_cracks_2\2022_11_10_isb__To__inner3_Lane1_LHS//Processed_RIM//2022_11_10_17_48_15_789954_RIM.jpg
253,20,2022_11_10_17_48_17_556228_RIM.jpg,"Alligator Cracking","[644.0, 0.0, 480.0, 76.0]",Y:/LCMS_Data_21-12-22/Filtered_for_labeling/Data_cracks_2\2022_11_10_isb__To__inner3_Lane1_LHS//Processed_RIM//2022_11_10_17_48_17_556228_RIM.jpg
254,20,2022_11_10_17_48_24_865291_RIM.jpg,Pothole,"[522.0, -2.0, 221.0, 93.0]",Y:/LCMS_Data_21-12-22/Filtered_for_labeling/Data_cracks_2\2022_11_10_isb__To__inner3_Lane1_LHS//Processed_RIM//2022_11_10_17_48_24_865291_RIM.jpg
255,20,2022_11_10_17_48_26_778173_RIM.jpg,"Alligator Cracking","[102.0, 2.0, 1213.0, 61.0]",Y:/LCMS_Data_21-12-22/Filtered_for_labeling/Data_cracks_2\2022_11_10_isb__To__inner3_Lane1_LHS//Processed_RIM//2022_11_10_17_48_26_778173_RIM.jpg
256,20,2022_11_10_17_48_28_650164_RIM.jpg,"Alligator Cracking","[10.0, 0.0, 1549.0, 73.0]",Y:/LCMS_Data_21-12-22/Filtered_for_labeling/Data_cracks_2\2022_11_10_isb__To__inner3_Lane1_LHS//Processed_RIM//2022_11_10_17_48_28_650164_RIM.jpg
257,20,2022_11_10_17_48_30_482769_RIM.jpg,"Alligator Cracking","[1429.0, 4.0, 134.0, 111.0]",Y:/LCMS_Data_21-12-22/Filtered_for_labeling/Data_cracks_2\2022_11_10_isb__To__inner3_Lane1_LHS//Processed_RIM//2022_11_10_17_48_30_482769_RIM.jpg
258,20,2022_11_10_17_48_30_482769_RIM.jpg,"Alligator Cracking","[29.0, 24.0, 212.0, 59.0]",Y:/LCMS_Data_21-12-22/Filtered_for_labeling/Data_cracks_2\2022_11_10_isb__To__inner3_Lane1_LHS//Processed_RIM//2022_11_10_17_48_30_482769_RIM.jpg
259,20,2022_11_10_17_48_32_278963_RIM.jpg,"Alligator Cracking","[37.0, 6.0, 1164.0, 103.0]",Y:/LCMS_Data_21-12-22/Filtered_for_labeling/Data_cracks_2\2022_11_10_isb__To__inner3_Lane1_LHS//Processed_RIM//2022_11_10_17_48_32_278963_RIM.jpg
260,20,2022_11_10_17_48_34_056207_RIM.jpg,"Alligator Cracking","[262.0, -2.0, 1285.0, 96.0]",Y:/LCMS_Data_21-12-22/Filtered_for_labeling/Data_cracks_2\2022_11_10_isb__To__inner3_Lane1_LHS//Processed_RIM//2022_11_10_17_48_34_056207_RIM.jpg
261,20,2022_11_10_17_48_35_827468_RIM.jpg,"Alligator Cracking","[7.0, -2.0, 1108.0, 87.0]",Y:/LCMS_Data_21-12-22/Filtered_for_labeling/Data_cracks_2\2022_11_10_isb__To__inner3_Lane1_LHS//Processed_RIM//2022_11_10_17_48_35_827468_RIM.jpg
262,20,2022_11_10_17_48_35_827468_RIM.jpg,Pothole,"[1130.0, 3.0, 385.0, 98.0]",Y:/LCMS_Data_21-12-22/Filtered_for_labeling/Data_cracks_2\2022_11_10_isb__To__inner3_Lane1_LHS//Processed_RIM//2022_11_10_17_48_35_827468_RIM.jpg
263,20,2022_11_10_17_48_37_578782_RIM.jpg,"Alligator Cracking","[861.0, 4.0, 702.0, 81.0]",Y:/LCMS_Data_21-12-22/Filtered_for_labeling/Data_cracks_2\2022_11_10_isb__To__inner3_Lane1_LHS//Processed_RIM//2022_11_10_17_48_37_578782_RIM.jpg
264,20,2022_11_10_17_48_39_307158_RIM.jpg,"Alligator Cracking","[64.0, 2.0, 1134.0, 134.0]",Y:/LCMS_Data_21-12-22/Filtered_for_labeling/Data_cracks_2\2022_11_10_isb__To__inner3_Lane1_LHS//Processed_RIM//2022_11_10_17_48_39_307158_RIM.jpg
265,20,2022_11_10_17_48_39_307158_RIM.jpg,"Alligator Cracking","[1312.0, 4.0, 251.0, 77.0]",Y:/LCMS_Data_21-12-22/Filtered_for_labeling/Data_cracks_2\2022_11_10_isb__To__inner3_Lane1_LHS//Processed_RIM//2022_11_10_17_48_39_307158_RIM.jpg
266,20,2022_11_10_17_48_41_036531_RIM.jpg,"Alligator Cracking","[897.0, 2.0, 651.0, 106.0]",Y:/LCMS_Data_21-12-22/Filtered_for_labeling/Data_cracks_2\2022_11_10_isb__To__inner3_Lane1_LHS//Processed_RIM//2022_11_10_17_48_41_036531_RIM.jpg
267,20,2022_11_10_17_48_42_777871_RIM.jpg,"Alligator Cracking","[3.0, 4.0, 678.0, 111.0]",Y:/LCMS_Data_21-12-22/Filtered_for_labeling/Data_cracks_2\2022_11_10_isb__To__inner3_Lane1_LHS//Processed_RIM//2022_11_10_17_48_42_777871_RIM.jpg
268,20,2022_11_10_17_48_42_777871_RIM.jpg,"Alligator Cracking","[917.0, 4.0, 640.0, 132.0]",Y:/LCMS_Data_21-12-22/Filtered_for_labeling/Data_cracks_2\2022_11_10_isb__To__inner3_Lane1_LHS//Processed_RIM//2022_11_10_17_48_42_777871_RIM.jpg
269,20,2022_11_10_17_48_44_540156_RIM.jpg,"Alligator Cracking","[-2.0, -1.0, 1565.0, 105.0]",Y:/LCMS_Data_21-12-22/Filtered_for_labeling/Data_cracks_2\2022_11_10_isb__To__inner3_Lane1_LHS//Processed_RIM//2022_11_10_17_48_44_540156_RIM.jpg
270,20,2022_11_10_17_48_46_355299_RIM.jpg,"Alligator Cracking","[75.0, 1.0, 765.0, 82.0]",Y:/LCMS_Data_21-12-22/Filtered_for_labeling/Data_cracks_2\2022_11_10_isb__To__inner3_Lane1_LHS//Processed_RIM//2022_11_10_17_48_46_355299_RIM.jpg
271,20,2022_11_10_17_48_46_355299_RIM.jpg,"Alligator Cracking","[1159.0, 14.0, 404.0, 86.0]",Y:/LCMS_Data_21-12-22/Filtered_for_labeling/Data_cracks_2\2022_11_10_isb__To__inner3_Lane1_LHS//Processed_RIM//2022_11_10_17_48_46_355299_RIM.jpg
272,20,2022_11_10_17_48_48_404816_RIM.jpg,"Alligator Cracking","[382.0, 8.0, 479.0, 118.0]",Y:/LCMS_Data_21-12-22/Filtered_for_labeling/Data_cracks_2\2022_11_10_isb__To__inner3_Lane1_LHS//Processed_RIM//2022_11_10_17_48_48_404816_RIM.jpg
273,20,2022_11_10_17_48_48_404816_RIM.jpg,"Alligator Cracking","[876.0, 5.0, 623.0, 83.0]",Y:/LCMS_Data_21-12-22/Filtered_for_labeling/Data_cracks_2\2022_11_10_isb__To__inner3_Lane1_LHS//Processed_RIM//2022_11_10_17_48_48_404816_RIM.jpg
274,20,2022_11_10_17_48_51_200336_RIM.jpg,"Alligator Cracking","[359.0, 4.0, 1049.0, 36.0]",Y:/LCMS_Data_21-12-22/Filtered_for_labeling/Data_cracks_2\2022_11_10_isb__To__inner3_Lane1_LHS//Processed_RIM//2022_11_10_17_48_51_200336_RIM.jpg
275,20,2022_11_10_17_45_49_059466_RIM.jpg,Pothole,"[1011.0, 5.0, 448.0, 45.0]",Y:/LCMS_Data_21-12-22/Filtered_for_labeling/Data_cracks_2\2022_11_10_isb__To__inner3_Lane1_LHS//Processed_RIM//2022_11_10_17_45_49_059466_RIM.jpg
276,20,2022_11_10_17_46_46_390070_RIM.jpg,"Data Loss","[297.0, -2.0, 580.0, 16.0]",Y:/LCMS_Data_21-12-22/Filtered_for_labeling/Data_cracks_2\2022_11_10_isb__To__inner3_Lane1_LHS//Processed_RIM//2022_11_10_17_46_46_390070_RIM.jpg
277,20,2022_11_10_17_46_48_169309_RIM.jpg,"Data Loss","[132.0, -2.0, 820.0, 20.0]",Y:/LCMS_Data_21-12-22/Filtered_for_labeling/Data_cracks_2\2022_11_10_isb__To__inner3_Lane1_LHS//Processed_RIM//2022_11_10_17_46_48_169309_RIM.jpg
278,20,2022_11_10_17_46_55_339125_RIM.jpg,"Transverse Cracks","[71.0, 0.0, 80.0, 136.0]",Y:/LCMS_Data_21-12-22/Filtered_for_labeling/Data_cracks_2\2022_11_10_isb__To__inner3_Lane1_LHS//Processed_RIM//2022_11_10_17_46_55_339125_RIM.jpg
279,20,2022_11_10_17_47_43_200066_RIM.jpg,ravelling,"[693.0, 86.0, 416.0, 50.0]",Y:/LCMS_Data_21-12-22/Filtered_for_labeling/Data_cracks_2\2022_11_10_isb__To__inner3_Lane1_LHS//Processed_RIM//2022_11_10_17_47_43_200066_RIM.jpg
280,20,2022_11_10_17_47_59_461556_RIM.jpg,ravelling,"[802.0, 47.0, 374.0, 89.0]",Y:/LCMS_Data_21-12-22/Filtered_for_labeling/Data_cracks_2\2022_11_10_isb__To__inner3_Lane1_LHS//Processed_RIM//2022_11_10_17_47_59_461556_RIM.jpg
281,21,2022_11_10_17_41_13_317239_RIM.jpg,Pothole,"[1111.0, -1.0, 452.0, 119.0]",Y:/LCMS_Data_21-12-22/Filtered_for_labeling/Data_cracks_1\2022_11_10_isb__To__inner2_Lane1_LHS//Processed_RIM//2022_11_10_17_41_13_317239_RIM.jpg
282,21,2022_11_10_17_41_15_385705_RIM.jpg,"Alligator Cracking","[3.0, 14.0, 93.0, 117.0]",Y:/LCMS_Data_21-12-22/Filtered_for_labeling/Data_cracks_1\2022_11_10_isb__To__inner2_Lane1_LHS//Processed_RIM//2022_11_10_17_41_15_385705_RIM.jpg
283,21,2022_11_10_17_41_17_250715_RIM.jpg,Pothole,"[109.0, -1.0, 208.0, 137.0]",Y:/LCMS_Data_21-12-22/Filtered_for_labeling/Data_cracks_1\2022_11_10_isb__To__inner2_Lane1_LHS//Processed_RIM//2022_11_10_17_41_17_250715_RIM.jpg
284,21,2022_11_10_17_41_17_250715_RIM.jpg,"Alligator Cracking","[483.0, 17.0, 557.0, 119.0]",Y:/LCMS_Data_21-12-22/Filtered_for_labeling/Data_cracks_1\2022_11_10_isb__To__inner2_Lane1_LHS//Processed_RIM//2022_11_10_17_41_17_250715_RIM.jpg
285,21,2022_11_10_17_41_17_250715_RIM.jpg,"Alligator Cracking","[1289.0, 12.0, 260.0, 124.0]",Y:/LCMS_Data_21-12-22/Filtered_for_labeling/Data_cracks_1\2022_11_10_isb__To__inner2_Lane1_LHS//Processed_RIM//2022_11_10_17_41_17_250715_RIM.jpg
286,21,2022_11_10_17_41_19_180551_RIM.jpg,"Alligator Cracking","[-2.0, -2.0, 1098.0, 138.0]",Y:/LCMS_Data_21-12-22/Filtered_for_labeling/Data_cracks_1\2022_11_10_isb__To__inner2_Lane1_LHS//Processed_RIM//2022_11_10_17_41_19_180551_RIM.jpg
287,21,2022_11_10_17_41_19_180551_RIM.jpg,"Alligator Cracking","[1129.0, 7.0, 174.0, 64.0]",Y:/LCMS_Data_21-12-22/Filtered_for_labeling/Data_cracks_1\2022_11_10_isb__To__inner2_Lane1_LHS//Processed_RIM//2022_11_10_17_41_19_180551_RIM.jpg
288,21,2022_11_10_17_41_21_276942_RIM.jpg,"Alligator Cracking","[4.0, 26.0, 464.0, 87.0]",Y:/LCMS_Data_21-12-22/Filtered_for_labeling/Data_cracks_1\2022_11_10_isb__To__inner2_Lane1_LHS//Processed_RIM//2022_11_10_17_41_21_276942_RIM.jpg
289,21,2022_11_10_17_41_21_276942_RIM.jpg,"Alligator Cracking","[480.0, 7.0, 1079.0, 129.0]",Y:/LCMS_Data_21-12-22/Filtered_for_labeling/Data_cracks_1\2022_11_10_isb__To__inner2_Lane1_LHS//Processed_RIM//2022_11_10_17_41_21_276942_RIM.jpg
290,21,2022_11_10_17_41_50_743101_RIM.jpg,"Alligator Cracking","[968.0, 18.0, 214.0, 103.0]",Y:/LCMS_Data_21-12-22/Filtered_for_labeling/Data_cracks_1\2022_11_10_isb__To__inner2_Lane1_LHS//Processed_RIM//2022_11_10_17_41_50_743101_RIM.jpg
291,21,2022_11_10_17_41_54_564876_RIM.jpg,"Data Loss","[250.0, -2.0, 1111.0, 14.0]",Y:/LCMS_Data_21-12-22/Filtered_for_labeling/Data_cracks_1\2022_11_10_isb__To__inner2_Lane1_LHS//Processed_RIM//2022_11_10_17_41_54_564876_RIM.jpg
292,21,2022_11_10_17_41_56_563528_RIM.jpg,"Data Loss","[1067.0, -2.0, 224.0, 16.0]",Y:/LCMS_Data_21-12-22/Filtered_for_labeling/Data_cracks_1\2022_11_10_isb__To__inner2_Lane1_LHS//Processed_RIM//2022_11_10_17_41_56_563528_RIM.jpg
293,21,2022_11_10_17_41_56_563528_RIM.jpg,"Data Loss","[683.0, -2.0, 303.0, 16.0]",Y:/LCMS_Data_21-12-22/Filtered_for_labeling/Data_cracks_1\2022_11_10_isb__To__inner2_Lane1_LHS//Processed_RIM//2022_11_10_17_41_56_563528_RIM.jpg
294,21,2022_11_10_17_41_58_522287_RIM.jpg,"Alligator Cracking","[32.0, 44.0, 608.0, 73.0]",Y:/LCMS_Data_21-12-22/Filtered_for_labeling/Data_cracks_1\2022_11_10_isb__To__inner2_Lane1_LHS//Processed_RIM//2022_11_10_17_41_58_522287_RIM.jpg
295,21,2022_11_10_17_42_02_322120_RIM.jpg,"Alligator Cracking","[870.0, 20.0, 608.0, 75.0]",Y:/LCMS_Data_21-12-22/Filtered_for_labeling/Data_cracks_1\2022_11_10_isb__To__inner2_Lane1_LHS//Processed_RIM//2022_11_10_17_42_02_322120_RIM.jpg
296,21,2022_11_10_17_42_09_647520_RIM.jpg,"Longitudinal Cracks","[390.0, 51.0, 565.0, 48.0]",Y:/LCMS_Data_21-12-22/Filtered_for_labeling/Data_cracks_1\2022_11_10_isb__To__inner2_Lane1_LHS//Processed_RIM//2022_11_10_17_42_09_647520_RIM.jpg
297,21,2022_11_10_17_42_26_081548_RIM.jpg,"Longitudinal Cracks","[970.0, 46.0, 394.0, 34.0]",Y:/LCMS_Data_21-12-22/Filtered_for_labeling/Data_cracks_1\2022_11_10_isb__To__inner2_Lane1_LHS//Processed_RIM//2022_11_10_17_42_26_081548_RIM.jpg
298,21,2022_11_10_17_42_29_506384_RIM.jpg,"Longitudinal Cracks","[2.0, 41.0, 331.0, 51.0]",Y:/LCMS_Data_21-12-22/Filtered_for_labeling/Data_cracks_1\2022_11_10_isb__To__inner2_Lane1_LHS//Processed_RIM//2022_11_10_17_42_29_506384_RIM.jpg
299,21,2022_11_10_17_42_29_506384_RIM.jpg,"Longitudinal Cracks","[639.0, 51.0, 341.0, 53.0]",Y:/LCMS_Data_21-12-22/Filtered_for_labeling/Data_cracks_1\2022_11_10_isb__To__inner2_Lane1_LHS//Processed_RIM//2022_11_10_17_42_29_506384_RIM.jpg
300,21,2022_11_10_17_42_31_200850_RIM.jpg,"Longitudinal Cracks","[1149.0, 54.0, 408.0, 45.0]",Y:/LCMS_Data_21-12-22/Filtered_for_labeling/Data_cracks_1\2022_11_10_isb__To__inner2_Lane1_LHS//Processed_RIM//2022_11_10_17_42_31_200850_RIM.jpg
301,21,2022_11_10_17_42_31_200850_RIM.jpg,"Longitudinal Cracks","[245.0, 65.0, 155.0, 47.0]",Y:/LCMS_Data_21-12-22/Filtered_for_labeling/Data_cracks_1\2022_11_10_isb__To__inner2_Lane1_LHS//Processed_RIM//2022_11_10_17_42_31_200850_RIM.jpg
302,21,2022_11_10_17_42_34_689516_RIM.jpg,"Longitudinal Cracks","[395.0, 59.0, 912.0, 53.0]",Y:/LCMS_Data_21-12-22/Filtered_for_labeling/Data_cracks_1\2022_11_10_isb__To__inner2_Lane1_LHS//Processed_RIM//2022_11_10_17_42_34_689516_RIM.jpg
303,21,2022_11_10_17_42_36_473742_RIM.jpg,"Alligator Cracking","[849.0, 37.0, 545.0, 75.0]",Y:/LCMS_Data_21-12-22/Filtered_for_labeling/Data_cracks_1\2022_11_10_isb__To__inner2_Lane1_LHS//Processed_RIM//2022_11_10_17_42_36_473742_RIM.jpg
304,21,2022_11_10_17_42_41_841380_RIM.jpg,"Data Loss","[8.0, -1.0, 696.0, 14.0]",Y:/LCMS_Data_21-12-22/Filtered_for_labeling/Data_cracks_1\2022_11_10_isb__To__inner2_Lane1_LHS//Processed_RIM//2022_11_10_17_42_41_841380_RIM.jpg
305,21,2022_11_10_17_42_43_581723_RIM.jpg,"Data Loss","[4.0, -2.0, 1218.0, 15.0]",Y:/LCMS_Data_21-12-22/Filtered_for_labeling/Data_cracks_1\2022_11_10_isb__To__inner2_Lane1_LHS//Processed_RIM//2022_11_10_17_42_43_581723_RIM.jpg
306,21,2022_11_10_17_42_53_364548_RIM.jpg,Pothole,"[193.0, -2.0, 175.0, 81.0]",Y:/LCMS_Data_21-12-22/Filtered_for_labeling/Data_cracks_1\2022_11_10_isb__To__inner2_Lane1_LHS//Processed_RIM//2022_11_10_17_42_53_364548_RIM.jpg
307,21,2022_11_10_17_42_53_364548_RIM.jpg,"Alligator Cracking","[1060.0, 6.0, 187.0, 93.0]",Y:/LCMS_Data_21-12-22/Filtered_for_labeling/Data_cracks_1\2022_11_10_isb__To__inner2_Lane1_LHS//Processed_RIM//2022_11_10_17_42_53_364548_RIM.jpg
308,21,2022_11_10_17_42_53_364548_RIM.jpg,Pothole,"[536.0, 0.0, 115.0, 43.0]",Y:/LCMS_Data_21-12-22/Filtered_for_labeling/Data_cracks_1\2022_11_10_isb__To__inner2_Lane1_LHS//Processed_RIM//2022_11_10_17_42_53_364548_RIM.jpg
309,21,2022_11_10_17_42_54_905425_RIM.jpg,"Data Loss","[-2.0, -2.0, 564.0, 56.0]",Y:/LCMS_Data_21-12-22/Filtered_for_labeling/Data_cracks_1\2022_11_10_isb__To__inner2_Lane1_LHS//Processed_RIM//2022_11_10_17_42_54_905425_RIM.jpg
310,21,2022_11_10_17_42_54_905425_RIM.jpg,"Data Loss","[601.0, 19.0, 378.0, 38.0]",Y:/LCMS_Data_21-12-22/Filtered_for_labeling/Data_cracks_1\2022_11_10_isb__To__inner2_Lane1_LHS//Processed_RIM//2022_11_10_17_42_54_905425_RIM.jpg
311,21,2022_11_10_17_42_54_905425_RIM.jpg,"Data Loss","[1015.0, 10.0, 527.0, 37.0]",Y:/LCMS_Data_21-12-22/Filtered_for_labeling/Data_cracks_1\2022_11_10_isb__To__inner2_Lane1_LHS//Processed_RIM//2022_11_10_17_42_54_905425_RIM.jpg
312,21,2022_11_10_17_42_56_440318_RIM.jpg,"Data Loss","[901.0, 49.0, 273.0, 83.0]",Y:/LCMS_Data_21-12-22/Filtered_for_labeling/Data_cracks_1\2022_11_10_isb__To__inner2_Lane1_LHS//Processed_RIM//2022_11_10_17_42_56_440318_RIM.jpg
313,21,2022_11_10_17_42_56_440318_RIM.jpg,"Data Loss","[-2.0, 60.0, 342.0, 72.0]",Y:/LCMS_Data_21-12-22/Filtered_for_labeling/Data_cracks_1\2022_11_10_isb__To__inner2_Lane1_LHS//Processed_RIM//2022_11_10_17_42_56_440318_RIM.jpg
314,21,2022_11_10_17_42_56_440318_RIM.jpg,"Data Loss","[346.0, 40.0, 439.0, 61.0]",Y:/LCMS_Data_21-12-22/Filtered_for_labeling/Data_cracks_1\2022_11_10_isb__To__inner2_Lane1_LHS//Processed_RIM//2022_11_10_17_42_56_440318_RIM.jpg
315,21,2022_11_10_17_42_57_988177_RIM.jpg,"Data Loss","[642.0, 48.0, 892.0, 41.0]",Y:/LCMS_Data_21-12-22/Filtered_for_labeling/Data_cracks_1\2022_11_10_isb__To__inner2_Lane1_LHS//Processed_RIM//2022_11_10_17_42_57_988177_RIM.jpg
316,21,2022_11_10_17_42_59_546009_RIM.jpg,"Longitudinal Cracks","[871.0, 52.0, 692.0, 43.0]",Y:/LCMS_Data_21-12-22/Filtered_for_labeling/Data_cracks_1\2022_11_10_isb__To__inner2_Lane1_LHS//Processed_RIM//2022_11_10_17_42_59_546009_RIM.jpg
317,21,2022_11_10_17_42_59_546009_RIM.jpg,"Longitudinal Cracks","[11.0, 43.0, 777.0, 56.0]",Y:/LCMS_Data_21-12-22/Filtered_for_labeling/Data_cracks_1\2022_11_10_isb__To__inner2_Lane1_LHS//Processed_RIM//2022_11_10_17_42_59_546009_RIM.jpg
318,21,2022_11_10_17_43_02_687603_RIM.jpg,"Data Loss","[-2.0, -2.0, 1565.0, 18.0]",Y:/LCMS_Data_21-12-22/Filtered_for_labeling/Data_cracks_1\2022_11_10_isb__To__inner2_Lane1_LHS//Processed_RIM//2022_11_10_17_43_02_687603_RIM.jpg
319,21,2022_11_10_17_43_04_304277_RIM.jpg,"Longitudinal Cracks","[870.0, 49.0, 669.0, 58.0]",Y:/LCMS_Data_21-12-22/Filtered_for_labeling/Data_cracks_1\2022_11_10_isb__To__inner2_Lane1_LHS//Processed_RIM//2022_11_10_17_43_04_304277_RIM.jpg
320,21,2022_11_10_17_43_05_878066_RIM.jpg,"Alligator Cracking","[205.0, 87.0, 404.0, 49.0]",Y:/LCMS_Data_21-12-22/Filtered_for_labeling/Data_cracks_1\2022_11_10_isb__To__inner2_Lane1_LHS//Processed_RIM//2022_11_10_17_43_05_878066_RIM.jpg
321,22,2022_11_10_18_08_23_555759_RIM.jpg,"Alligator Cracking","[116.0, -2.0, 1429.0, 100.0]",Y:/LCMS_Data_21-12-22/Filtered_for_labeling/Data_potthole_ex40_2\2022_11_10_isb__To__inner7_Lane1_LHS//Processed_RIM//2022_11_10_18_08_23_555759_RIM.jpg
322,22,2022_11_10_18_08_28_916416_RIM.jpg,"Alligator Cracking","[281.0, 0.0, 1074.0, 129.0]",Y:/LCMS_Data_21-12-22/Filtered_for_labeling/Data_potthole_ex40_2\2022_11_10_isb__To__inner7_Lane1_LHS//Processed_RIM//2022_11_10_18_08_28_916416_RIM.jpg
323,22,2022_11_10_18_08_41_222489_RIM.jpg,"Alligator Cracking","[27.0, 20.0, 381.0, 116.0]",Y:/LCMS_Data_21-12-22/Filtered_for_labeling/Data_potthole_ex40_2\2022_11_10_isb__To__inner7_Lane1_LHS//Processed_RIM//2022_11_10_18_08_41_222489_RIM.jpg
324,22,2022_11_10_18_08_43_703850_RIM.jpg,"Alligator Cracking","[818.0, 40.0, 156.0, 96.0]",Y:/LCMS_Data_21-12-22/Filtered_for_labeling/Data_potthole_ex40_2\2022_11_10_isb__To__inner7_Lane1_LHS//Processed_RIM//2022_11_10_18_08_43_703850_RIM.jpg
325,22,2022_11_10_18_08_43_703850_RIM.jpg,"Alligator Cracking","[1097.0, 51.0, 456.0, 85.0]",Y:/LCMS_Data_21-12-22/Filtered_for_labeling/Data_potthole_ex40_2\2022_11_10_isb__To__inner7_Lane1_LHS//Processed_RIM//2022_11_10_18_08_43_703850_RIM.jpg
326,22,2022_11_10_18_08_46_023643_RIM.jpg,"Alligator Cracking","[3.0, 3.0, 657.0, 133.0]",Y:/LCMS_Data_21-12-22/Filtered_for_labeling/Data_potthole_ex40_2\2022_11_10_isb__To__inner7_Lane1_LHS//Processed_RIM//2022_11_10_18_08_46_023643_RIM.jpg
327,22,2022_11_10_18_08_46_023643_RIM.jpg,"Alligator Cracking","[688.0, 24.0, 316.0, 112.0]",Y:/LCMS_Data_21-12-22/Filtered_for_labeling/Data_potthole_ex40_2\2022_11_10_isb__To__inner7_Lane1_LHS//Processed_RIM//2022_11_10_18_08_46_023643_RIM.jpg
328,22,2022_11_10_18_08_48_135991_RIM.jpg,"Alligator Cracking","[-2.0, 2.0, 451.0, 70.0]",Y:/LCMS_Data_21-12-22/Filtered_for_labeling/Data_potthole_ex40_2\2022_11_10_isb__To__inner7_Lane1_LHS//Processed_RIM//2022_11_10_18_08_48_135991_RIM.jpg
329,22,2022_11_10_18_08_48_135991_RIM.jpg,"Alligator Cracking","[897.0, 3.0, 234.0, 133.0]",Y:/LCMS_Data_21-12-22/Filtered_for_labeling/Data_potthole_ex40_2\2022_11_10_isb__To__inner7_Lane1_LHS//Processed_RIM//2022_11_10_18_08_48_135991_RIM.jpg
331,22,2022_11_10_18_08_48_135991_RIM.jpg,"Alligator Cracking","[1351.0, 3.0, 211.0, 133.0]",Y:/LCMS_Data_21-12-22/Filtered_for_labeling/Data_potthole_ex40_2\2022_11_10_isb__To__inner7_Lane1_LHS//Processed_RIM//2022_11_10_18_08_48_135991_RIM.jpg
332,22,2022_11_10_18_08_48_135991_RIM.jpg,"Alligator Cracking","[1136.0, 3.0, 218.0, 58.0]",Y:/LCMS_Data_21-12-22/Filtered_for_labeling/Data_potthole_ex40_2\2022_11_10_isb__To__inner7_Lane1_LHS//Processed_RIM//2022_11_10_18_08_48_135991_RIM.jpg
333,22,2022_11_10_18_08_48_135991_RIM.jpg,"Alligator Cracking","[570.0, 4.0, 320.0, 61.0]",Y:/LCMS_Data_21-12-22/Filtered_for_labeling/Data_potthole_ex40_2\2022_11_10_isb__To__inner7_Lane1_LHS//Processed_RIM//2022_11_10_18_08_48_135991_RIM.jpg
334,22,2022_11_10_18_08_50_239363_RIM.jpg,"Alligator Cracking","[271.0, 15.0, 482.0, 72.0]",Y:/LCMS_Data_21-12-22/Filtered_for_labeling/Data_potthole_ex40_2\2022_11_10_isb__To__inner7_Lane1_LHS//Processed_RIM//2022_11_10_18_08_50_239363_RIM.jpg
335,22,2022_11_10_18_08_50_239363_RIM.jpg,"Alligator Cracking","[1193.0, 1.0, 370.0, 135.0]",Y:/LCMS_Data_21-12-22/Filtered_for_labeling/Data_potthole_ex40_2\2022_11_10_isb__To__inner7_Lane1_LHS//Processed_RIM//2022_11_10_18_08_50_239363_RIM.jpg
336,22,2022_11_10_18_08_52_307829_RIM.jpg,"Alligator Cracking","[518.0, 10.0, 432.0, 108.0]",Y:/LCMS_Data_21-12-22/Filtered_for_labeling/Data_potthole_ex40_2\2022_11_10_isb__To__inner7_Lane1_LHS//Processed_RIM//2022_11_10_18_08_52_307829_RIM.jpg
337,22,2022_11_10_18_08_52_307829_RIM.jpg,"Alligator Cracking","[-2.0, -2.0, 173.0, 114.0]",Y:/LCMS_Data_21-12-22/Filtered_for_labeling/Data_potthole_ex40_2\2022_11_10_isb__To__inner7_Lane1_LHS//Processed_RIM//2022_11_10_18_08_52_307829_RIM.jpg
338,22,2022_11_10_18_08_54_347372_RIM.jpg,"Alligator Cracking","[17.0, 29.0, 255.0, 107.0]",Y:/LCMS_Data_21-12-22/Filtered_for_labeling/Data_potthole_ex40_2\2022_11_10_isb__To__inner7_Lane1_LHS//Processed_RIM//2022_11_10_18_08_54_347372_RIM.jpg
339,22,2022_11_10_18_08_54_347372_RIM.jpg,"Alligator Cracking","[458.0, -1.0, 1094.0, 137.0]",Y:/LCMS_Data_21-12-22/Filtered_for_labeling/Data_potthole_ex40_2\2022_11_10_isb__To__inner7_Lane1_LHS//Processed_RIM//2022_11_10_18_08_54_347372_RIM.jpg
340,22,2022_11_10_18_08_56_331064_RIM.jpg,"Alligator Cracking","[1109.0, 34.0, 454.0, 102.0]",Y:/LCMS_Data_21-12-22/Filtered_for_labeling/Data_potthole_ex40_2\2022_11_10_isb__To__inner7_Lane1_LHS//Processed_RIM//2022_11_10_18_08_56_331064_RIM.jpg
341,22,2022_11_10_18_08_56_331064_RIM.jpg,"Alligator Cracking","[3.0, -2.0, 180.0, 129.0]",Y:/LCMS_Data_21-12-22/Filtered_for_labeling/Data_potthole_ex40_2\2022_11_10_isb__To__inner7_Lane1_LHS//Processed_RIM//2022_11_10_18_08_56_331064_RIM.jpg
342,22,2022_11_10_18_08_56_331064_RIM.jpg,"Alligator Cracking","[520.0, 17.0, 167.0, 103.0]",Y:/LCMS_Data_21-12-22/Filtered_for_labeling/Data_potthole_ex40_2\2022_11_10_isb__To__inner7_Lane1_LHS//Processed_RIM//2022_11_10_18_08_56_331064_RIM.jpg
343,22,2022_11_10_18_08_58_299797_RIM.jpg,"Alligator Cracking","[482.0, -2.0, 608.0, 138.0]",Y:/LCMS_Data_21-12-22/Filtered_for_labeling/Data_potthole_ex40_2\2022_11_10_isb__To__inner7_Lane1_LHS//Processed_RIM//2022_11_10_18_08_58_299797_RIM.jpg
344,22,2022_11_10_18_09_00_227638_RIM.jpg,"Alligator Cracking","[15.0, -1.0, 276.0, 85.0]",Y:/LCMS_Data_21-12-22/Filtered_for_labeling/Data_potthole_ex40_2\2022_11_10_isb__To__inner7_Lane1_LHS//Processed_RIM//2022_11_10_18_09_00_227638_RIM.jpg
345,22,2022_11_10_18_09_00_227638_RIM.jpg,"Alligator Cracking","[300.0, 2.0, 331.0, 134.0]",Y:/LCMS_Data_21-12-22/Filtered_for_labeling/Data_potthole_ex40_2\2022_11_10_isb__To__inner7_Lane1_LHS//Processed_RIM//2022_11_10_18_09_00_227638_RIM.jpg
346,22,2022_11_10_18_09_00_227638_RIM.jpg,"Alligator Cracking","[1036.0, 3.0, 523.0, 133.0]",Y:/LCMS_Data_21-12-22/Filtered_for_labeling/Data_potthole_ex40_2\2022_11_10_isb__To__inner7_Lane1_LHS//Processed_RIM//2022_11_10_18_09_00_227638_RIM.jpg
347,22,2022_11_10_18_09_02_122569_RIM.jpg,"Alligator Cracking","[2.0, -2.0, 560.0, 138.0]",Y:/LCMS_Data_21-12-22/Filtered_for_labeling/Data_potthole_ex40_2\2022_11_10_isb__To__inner7_Lane1_LHS//Processed_RIM//2022_11_10_18_09_02_122569_RIM.jpg
348,22,2022_11_10_18_09_02_122569_RIM.jpg,"Alligator Cracking","[579.0, 0.0, 243.0, 66.0]",Y:/LCMS_Data_21-12-22/Filtered_for_labeling/Data_potthole_ex40_2\2022_11_10_isb__To__inner7_Lane1_LHS//Processed_RIM//2022_11_10_18_09_02_122569_RIM.jpg
349,22,2022_11_10_18_09_02_122569_RIM.jpg,"Alligator Cracking","[823.0, 1.0, 736.0, 135.0]",Y:/LCMS_Data_21-12-22/Filtered_for_labeling/Data_potthole_ex40_2\2022_11_10_isb__To__inner7_Lane1_LHS//Processed_RIM//2022_11_10_18_09_02_122569_RIM.jpg
350,22,2022_11_10_18_09_03_989573_RIM.jpg,"Alligator Cracking","[11.0, 3.0, 245.0, 133.0]",Y:/LCMS_Data_21-12-22/Filtered_for_labeling/Data_potthole_ex40_2\2022_11_10_isb__To__inner7_Lane1_LHS//Processed_RIM//2022_11_10_18_09_03_989573_RIM.jpg
351,22,2022_11_10_18_09_03_989573_RIM.jpg,"Alligator Cracking","[444.0, -1.0, 955.0, 137.0]",Y:/LCMS_Data_21-12-22/Filtered_for_labeling/Data_potthole_ex40_2\2022_11_10_isb__To__inner7_Lane1_LHS//Processed_RIM//2022_11_10_18_09_03_989573_RIM.jpg
352,22,2022_11_10_18_09_05_868546_RIM.jpg,"Alligator Cracking","[1013.0, -1.0, 549.0, 137.0]",Y:/LCMS_Data_21-12-22/Filtered_for_labeling/Data_potthole_ex40_2\2022_11_10_isb__To__inner7_Lane1_LHS//Processed_RIM//2022_11_10_18_09_05_868546_RIM.jpg
353,22,2022_11_10_18_09_05_868546_RIM.jpg,"Alligator Cracking","[561.0, 18.0, 184.0, 117.0]",Y:/LCMS_Data_21-12-22/Filtered_for_labeling/Data_potthole_ex40_2\2022_11_10_isb__To__inner7_Lane1_LHS//Processed_RIM//2022_11_10_18_09_05_868546_RIM.jpg
354,22,2022_11_10_18_09_07_739539_RIM.jpg,"Alligator Cracking","[436.0, 1.0, 446.0, 135.0]",Y:/LCMS_Data_21-12-22/Filtered_for_labeling/Data_potthole_ex40_2\2022_11_10_isb__To__inner7_Lane1_LHS//Processed_RIM//2022_11_10_18_09_07_739539_RIM.jpg
355,22,2022_11_10_18_09_07_739539_RIM.jpg,"Alligator Cracking","[1109.0, 1.0, 449.0, 135.0]",Y:/LCMS_Data_21-12-22/Filtered_for_labeling/Data_potthole_ex40_2\2022_11_10_isb__To__inner7_Lane1_LHS//Processed_RIM//2022_11_10_18_09_07_739539_RIM.jpg
356,22,2022_11_10_18_09_09_614522_RIM.jpg,"Alligator Cracking","[2.0, 3.0, 298.0, 133.0]",Y:/LCMS_Data_21-12-22/Filtered_for_labeling/Data_potthole_ex40_2\2022_11_10_isb__To__inner7_Lane1_LHS//Processed_RIM//2022_11_10_18_09_09_614522_RIM.jpg
357,22,2022_11_10_18_09_09_614522_RIM.jpg,"Alligator Cracking","[456.0, 2.0, 417.0, 134.0]",Y:/LCMS_Data_21-12-22/Filtered_for_labeling/Data_potthole_ex40_2\2022_11_10_isb__To__inner7_Lane1_LHS//Processed_RIM//2022_11_10_18_09_09_614522_RIM.jpg
358,22,2022_11_10_18_09_11_500477_RIM.jpg,"Alligator Cracking","[2.0, 1.0, 809.0, 99.0]",Y:/LCMS_Data_21-12-22/Filtered_for_labeling/Data_potthole_ex40_2\2022_11_10_isb__To__inner7_Lane1_LHS//Processed_RIM//2022_11_10_18_09_11_500477_RIM.jpg
359,22,2022_11_10_18_09_11_500477_RIM.jpg,"Alligator Cracking","[818.0, 1.0, 206.0, 84.0]",Y:/LCMS_Data_21-12-22/Filtered_for_labeling/Data_potthole_ex40_2\2022_11_10_isb__To__inner7_Lane1_LHS//Processed_RIM//2022_11_10_18_09_11_500477_RIM.jpg
360,22,2022_11_10_18_09_11_500477_RIM.jpg,"Alligator Cracking","[1141.0, 6.0, 411.0, 130.0]",Y:/LCMS_Data_21-12-22/Filtered_for_labeling/Data_potthole_ex40_2\2022_11_10_isb__To__inner7_Lane1_LHS//Processed_RIM//2022_11_10_18_09_11_500477_RIM.jpg
361,22,2022_11_10_18_09_13_383438_RIM.jpg,"Alligator Cracking","[6.0, 3.0, 1557.0, 133.0]",Y:/LCMS_Data_21-12-22/Filtered_for_labeling/Data_potthole_ex40_2\2022_11_10_isb__To__inner7_Lane1_LHS//Processed_RIM//2022_11_10_18_09_13_383438_RIM.jpg
362,22,2022_11_10_18_09_15_250443_RIM.jpg,"Alligator Cracking","[5.0, 2.0, 1558.0, 134.0]",Y:/LCMS_Data_21-12-22/Filtered_for_labeling/Data_potthole_ex40_2\2022_11_10_isb__To__inner7_Lane1_LHS//Processed_RIM//2022_11_10_18_09_15_250443_RIM.jpg
363,22,2022_11_10_18_09_17_121437_RIM.jpg,"Alligator Cracking","[-2.0, -2.0, 1565.0, 138.0]",Y:/LCMS_Data_21-12-22/Filtered_for_labeling/Data_potthole_ex40_2\2022_11_10_isb__To__inner7_Lane1_LHS//Processed_RIM//2022_11_10_18_09_17_121437_RIM.jpg
364,22,2022_11_10_18_09_19_059252_RIM.jpg,"Alligator Cracking","[2.0, -1.0, 1561.0, 137.0]",Y:/LCMS_Data_21-12-22/Filtered_for_labeling/Data_potthole_ex40_2\2022_11_10_isb__To__inner7_Lane1_LHS//Processed_RIM//2022_11_10_18_09_19_059252_RIM.jpg
365,22,2022_11_10_18_09_21_078848_RIM.jpg,"Alligator Cracking","[-2.0, -2.0, 1565.0, 138.0]",Y:/LCMS_Data_21-12-22/Filtered_for_labeling/Data_potthole_ex40_2\2022_11_10_isb__To__inner7_Lane1_LHS//Processed_RIM//2022_11_10_18_09_21_078848_RIM.jpg
366,22,2022_11_10_18_09_23_090466_RIM.jpg,"Alligator Cracking","[1.0, 1.0, 1562.0, 135.0]",Y:/LCMS_Data_21-12-22/Filtered_for_labeling/Data_potthole_ex40_2\2022_11_10_isb__To__inner7_Lane1_LHS//Processed_RIM//2022_11_10_18_09_23_090466_RIM.jpg
367,22,2022_11_10_18_09_24_998361_RIM.jpg,"Alligator Cracking","[-2.0, 0.0, 1565.0, 136.0]",Y:/LCMS_Data_21-12-22/Filtered_for_labeling/Data_potthole_ex40_2\2022_11_10_isb__To__inner7_Lane1_LHS//Processed_RIM//2022_11_10_18_09_24_998361_RIM.jpg
368,23,2022_11_10_18_03_54_785226_RIM.jpg,"Alligator Cracking","[1098.0, -2.0, 465.0, 133.0]",Y:/LCMS_Data_21-12-22/Filtered_for_labeling/Data_potthole_ex40_1\2022_11_10_isb__To__inner6_Lane1_LHS//Processed_RIM//2022_11_10_18_03_54_785226_RIM.jpg
369,23,2022_11_10_18_04_17_166342_RIM.jpg,Pothole,"[1149.0, -2.0, 414.0, 99.0]",Y:/LCMS_Data_21-12-22/Filtered_for_labeling/Data_potthole_ex40_1\2022_11_10_isb__To__inner6_Lane1_LHS//Processed_RIM//2022_11_10_18_04_17_166342_RIM.jpg
370,23,2022_11_10_18_04_23_738756_RIM.jpg,"Alligator Cracking","[27.0, 5.0, 381.0, 131.0]",Y:/LCMS_Data_21-12-22/Filtered_for_labeling/Data_potthole_ex40_1\2022_11_10_isb__To__inner6_Lane1_LHS//Processed_RIM//2022_11_10_18_04_23_738756_RIM.jpg
371,23,2022_11_10_18_04_27_467779_RIM.jpg,"Alligator Cracking","[4.0, 0.0, 971.0, 101.0]",Y:/LCMS_Data_21-12-22/Filtered_for_labeling/Data_potthole_ex40_1\2022_11_10_isb__To__inner6_Lane1_LHS//Processed_RIM//2022_11_10_18_04_27_467779_RIM.jpg
372,23,2022_11_10_18_04_27_467779_RIM.jpg,"Alligator Cracking","[1350.0, 1.0, 206.0, 125.0]",Y:/LCMS_Data_21-12-22/Filtered_for_labeling/Data_potthole_ex40_1\2022_11_10_isb__To__inner6_Lane1_LHS//Processed_RIM//2022_11_10_18_04_27_467779_RIM.jpg
373,23,2022_11_10_18_04_31_105047_RIM.jpg,Pothole,"[344.0, 23.0, 148.0, 91.0]",Y:/LCMS_Data_21-12-22/Filtered_for_labeling/Data_potthole_ex40_1\2022_11_10_isb__To__inner6_Lane1_LHS//Processed_RIM//2022_11_10_18_04_31_105047_RIM.jpg
374,23,2022_11_10_18_04_34_183809_RIM.jpg,"Alligator Cracking","[1.0, 8.0, 1231.0, 86.0]",Y:/LCMS_Data_21-12-22/Filtered_for_labeling/Data_potthole_ex40_1\2022_11_10_isb__To__inner6_Lane1_LHS//Processed_RIM//2022_11_10_18_04_34_183809_RIM.jpg
375,23,2022_11_10_18_04_34_183809_RIM.jpg,"Alligator Cracking","[1237.0, 7.0, 326.0, 80.0]",Y:/LCMS_Data_21-12-22/Filtered_for_labeling/Data_potthole_ex40_1\2022_11_10_isb__To__inner6_Lane1_LHS//Processed_RIM//2022_11_10_18_04_34_183809_RIM.jpg
376,23,2022_11_10_18_04_36_870620_RIM.jpg,"Alligator Cracking","[55.0, 4.0, 567.0, 123.0]",Y:/LCMS_Data_21-12-22/Filtered_for_labeling/Data_potthole_ex40_1\2022_11_10_isb__To__inner6_Lane1_LHS//Processed_RIM//2022_11_10_18_04_36_870620_RIM.jpg
377,23,2022_11_10_18_04_36_870620_RIM.jpg,"Alligator Cracking","[643.0, 4.0, 920.0, 83.0]",Y:/LCMS_Data_21-12-22/Filtered_for_labeling/Data_potthole_ex40_1\2022_11_10_isb__To__inner6_Lane1_LHS//Processed_RIM//2022_11_10_18_04_36_870620_RIM.jpg
378,23,2022_11_10_18_04_39_786817_RIM.jpg,"Alligator Cracking","[1019.0, -2.0, 540.0, 93.0]",Y:/LCMS_Data_21-12-22/Filtered_for_labeling/Data_potthole_ex40_1\2022_11_10_isb__To__inner6_Lane1_LHS//Processed_RIM//2022_11_10_18_04_39_786817_RIM.jpg
379,23,2022_11_10_18_04_59_646680_RIM.jpg,"Longitudinal Cracks","[409.0, 51.0, 299.0, 59.0]",Y:/LCMS_Data_21-12-22/Filtered_for_labeling/Data_potthole_ex40_1\2022_11_10_isb__To__inner6_Lane1_LHS//Processed_RIM//2022_11_10_18_04_59_646680_RIM.jpg
380,23,2022_11_10_18_05_05_600748_RIM.jpg,"Longitudinal Cracks","[420.0, 63.0, 711.0, 51.0]",Y:/LCMS_Data_21-12-22/Filtered_for_labeling/Data_potthole_ex40_1\2022_11_10_isb__To__inner6_Lane1_LHS//Processed_RIM//2022_11_10_18_05_05_600748_RIM.jpg
381,23,2022_11_10_18_05_11_487996_RIM.jpg,"Longitudinal Cracks","[1074.0, 61.0, 450.0, 57.0]",Y:/LCMS_Data_21-12-22/Filtered_for_labeling/Data_potthole_ex40_1\2022_11_10_isb__To__inner6_Lane1_LHS//Processed_RIM//2022_11_10_18_05_11_487996_RIM.jpg
382,23,2022_11_10_18_05_46_206103_RIM.jpg,"Alligator Cracking","[13.0, 39.0, 707.0, 80.0]",Y:/LCMS_Data_21-12-22/Filtered_for_labeling/Data_potthole_ex40_1\2022_11_10_isb__To__inner6_Lane1_LHS//Processed_RIM//2022_11_10_18_05_46_206103_RIM.jpg
383,23,2022_11_10_18_05_49_566113_RIM.jpg,"Alligator Cracking","[1184.0, 13.0, 360.0, 80.0]",Y:/LCMS_Data_21-12-22/Filtered_for_labeling/Data_potthole_ex40_1\2022_11_10_isb__To__inner6_Lane1_LHS//Processed_RIM//2022_11_10_18_05_49_566113_RIM.jpg
384,23,2022_11_10_18_05_52_631910_RIM.jpg,"Longitudinal Cracks","[106.0, 34.0, 423.0, 51.0]",Y:/LCMS_Data_21-12-22/Filtered_for_labeling/Data_potthole_ex40_1\2022_11_10_isb__To__inner6_Lane1_LHS//Processed_RIM//2022_11_10_18_05_52_631910_RIM.jpg
385,23,2022_11_10_18_05_55_483281_RIM.jpg,"Longitudinal Cracks","[21.0, 60.0, 249.0, 51.0]",Y:/LCMS_Data_21-12-22/Filtered_for_labeling/Data_potthole_ex40_1\2022_11_10_isb__To__inner6_Lane1_LHS//Processed_RIM//2022_11_10_18_05_55_483281_RIM.jpg
386,23,2022_11_10_18_05_58_213974_RIM.jpg,"Longitudinal Cracks","[856.0, 29.0, 706.0, 65.0]",Y:/LCMS_Data_21-12-22/Filtered_for_labeling/Data_potthole_ex40_1\2022_11_10_isb__To__inner6_Lane1_LHS//Processed_RIM//2022_11_10_18_05_58_213974_RIM.jpg
